ctime,schemaname,relname,seq_scan,seq_tup_read,idx_scan,idx_tup_fetch,n_tup_ins,n_tup_upd,n_tup_del,n_tup_hot_upd,n_live_tup,n_dead_tup,heap_blks_read,heap_blks_hit,idx_blks_read,idx_blks_hit,toast_blks_read,toast_blks_hit,tidx_blks_read,tidx_blks_hit
1416271036.79128,pg_catalog,pg_auth_members,0,0,0,0,0,0,0,0,0,0,0,0,0,0,,,,
1416271036.79128,pg_catalog,pg_operator,0,0,239184,1026158,0,0,0,0,0,0,60707,677919,45983,490376,,,,
1416271036.79128,pg_catalog,pg_aggregate,0,0,16051,16051,0,0,0,0,0,0,4611,11440,9245,19409,,,,
1416271036.79128,pg_catalog,pg_pltemplate,0,0,0,0,0,0,0,0,0,0,0,0,0,0,,,,
1416271036.79128,pg_toast,pg_toast_12188,0,0,0,0,0,0,0,0,0,0,0,0,0,0,,,,
1416271036.79128,pg_catalog,pg_description,0,0,4003,0,0,0,0,0,0,0,0,0,1484,7388,0,0,0,0
1416271036.79128,pg_catalog,pg_language,0,0,0,0,0,0,0,0,0,0,0,0,0,0,,,,
1416271036.79128,pg_catalog,pg_ts_parser,0,0,0,0,0,0,0,0,0,0,0,0,0,0,,,,
1416271036.79128,pg_catalog,pg_shseclabel,0,0,0,0,0,0,0,0,0,0,0,0,0,0,,,,
1416271036.79128,pg_catalog,pg_foreign_table,0,0,0,0,0,0,0,0,0,0,0,0,0,0,,,,
1416271036.79128,public,customer,0,0,,,0,0,0,0,0,0,0,0,,,,,,
1416271036.79128,information_schema,sql_packages,0,0,,,0,0,0,0,0,0,0,0,,,0,0,0,0
1416271036.79128,information_schema,sql_parts,0,0,,,0,0,0,0,0,0,0,0,,,0,0,0,0
1416271036.79128,pg_catalog,pg_attrdef,0,0,0,0,0,0,0,0,0,0,0,0,0,0,0,0,0,0
1416271036.79128,pg_catalog,pg_ts_template,0,0,0,0,0,0,0,0,0,0,0,0,0,0,,,,
1416271036.79128,pg_catalog,pg_foreign_server,0,0,0,0,0,0,0,0,0,0,0,0,0,0,,,,
1416271036.79128,pg_catalog,pg_default_acl,0,0,3504,0,0,0,0,0,0,0,0,0,413,3091,,,,
1416271036.79128,pg_toast,pg_toast_12198,0,0,0,0,0,0,0,0,0,0,0,0,0,0,,,,
1416271036.79128,pg_toast,pg_toast_12208,0,0,0,0,0,0,0,0,0,0,0,0,0,0,,,,
1416271036.79128,pg_catalog,pg_attribute,3388,22484,981887,1925792,6674,220,6540,184,2381,634,95039,963864,44196,1992508,,,,
1416271036.79128,pg_catalog,pg_statistic,0,0,227710,174857,1485,3602,1485,3171,417,128,39898,145877,20936,469803,6717,27530,1952,32412
1416271036.79128,pg_toast,pg_toast_12203,0,0,0,0,0,0,0,0,0,0,0,0,0,0,,,,
1416271036.79128,pg_toast,pg_toast_2618,0,0,12594,40897,0,0,0,0,0,0,9646,12360,3740,15218,,,,
1416271036.79128,pg_toast,pg_toast_3596,0,0,0,0,0,0,0,0,0,0,0,0,0,0,,,,
1416271036.79128,pg_catalog,pg_depend,0,0,36846,39681,6747,0,6718,0,6233,1312,6838,46402,11865,93227,,,,
1416271036.79128,public,region,0,0,,,5,0,0,0,5,0,1,0,,,,,,
1416271036.79128,information_schema,sql_languages,0,0,,,0,0,0,0,0,0,0,0,,,0,0,0,0
1416271036.79128,pg_catalog,pg_opclass,616,616,194808,2115256,0,0,0,0,0,0,13260,722706,26031,229047,,,,
1416271036.79128,pg_catalog,pg_proc,0,0,419075,616807,0,0,0,0,0,0,72364,408720,69914,858884,0,0,0,0
1416271036.79128,information_schema,sql_implementation_info,0,0,,,0,0,0,0,0,0,0,0,,,0,0,0,0
1416271036.79128,pg_catalog,pg_trigger,0,0,0,0,0,0,0,0,0,0,0,0,0,0,0,0,0,0
1416271036.79128,pg_catalog,pg_am,42242,42242,0,0,0,0,0,0,0,0,7779,34463,0,0,,,,
1416271036.79128,pg_catalog,pg_largeobject_metadata,0,0,0,0,0,0,0,0,0,0,0,0,0,0,,,,
1416271036.79128,pg_catalog,pg_ts_config_map,0,0,0,0,0,0,0,0,0,0,0,0,0,0,,,,
1416271036.79128,pg_catalog,pg_type,0,0,805589,799288,1728,0,1709,0,349,57,23774,783207,29799,1613828,,,,
1416271036.79128,pg_catalog,pg_shdepend,0,0,4909,905,0,0,0,0,0,0,420,485,1854,4799,,,,
1416271036.79128,information_schema,sql_sizing,0,0,,,0,0,0,0,0,0,0,0,,,0,0,0,0
1416271036.79128,public,lineitem,0,0,,,0,0,0,0,0,0,0,0,,,,,,
1416271036.79128,public,supplier,0,0,,,0,0,0,0,0,0,0,0,,,,,,
1416271036.79128,pg_catalog,pg_conversion,0,0,0,0,0,0,0,0,0,0,0,0,0,0,,,,
1416271036.79128,pg_catalog,pg_foreign_data_wrapper,0,0,0,0,0,0,0,0,0,0,0,0,0,0,,,,
1416271036.79128,public,part,0,0,,,0,0,0,0,0,0,0,0,,,,,,
1416271036.79128,pg_catalog,pg_opfamily,0,0,0,0,0,0,0,0,0,0,0,0,0,0,,,,
1416271036.79128,pg_catalog,pg_shdescription,0,0,0,0,0,0,0,0,0,0,0,0,0,0,0,0,0,0
1416271036.79128,pg_catalog,pg_tablespace,2,4,30846,30846,0,0,0,0,0,0,6167,24681,12368,49324,,,,
1416271036.79128,pg_catalog,pg_inherits,0,0,866,0,0,0,0,0,0,0,0,0,430,436,,,,
1416271036.79128,pg_toast,pg_toast_2606,0,0,0,0,0,0,0,0,0,0,0,0,0,0,,,,
1416271036.79128,public,time_statistics,0,0,,,1,0,0,0,1,0,1,0,,,,,,
1416271036.79128,pg_toast,pg_toast_2964,0,0,0,0,0,0,0,0,0,0,0,0,0,0,,,,
1416271036.79128,pg_catalog,pg_database,9329,36800,181198,181196,1,0,0,0,1,0,8150,182376,36727,233461,,,,
1416271036.79128,pg_toast,pg_toast_2620,0,0,0,0,0,0,0,0,0,0,0,0,0,0,,,,
1416271036.79128,pg_toast,pg_toast_12213,0,0,0,0,0,0,0,0,0,0,0,0,0,0,,,,
1416271036.79128,pg_catalog,pg_amproc,616,1232,151276,224857,0,0,0,0,0,0,9783,139640,26594,317381,,,,
1416271036.79128,pg_catalog,pg_collation,0,0,0,0,0,0,0,0,0,0,0,0,0,0,,,,
1416271036.79128,pg_catalog,pg_constraint,0,0,352,176,176,0,176,0,2,8,100,993,180,1768,0,0,0,0
1416271036.79128,pg_catalog,pg_range,0,0,5860,0,0,0,0,0,0,0,0,0,7096,4624,,,,
1416271036.79128,pg_catalog,pg_user_mapping,0,0,0,0,0,0,0,0,0,0,0,0,0,0,,,,
1416271036.79128,pg_catalog,pg_largeobject,0,0,0,0,0,0,0,0,0,0,0,0,0,0,,,,
1416271036.79128,pg_catalog,pg_namespace,6643,181052,501649,463355,28,0,0,0,28,0,6762,463307,17585,528196,,,,
1416271036.79128,pg_catalog,pg_authid,3287,3287,77071,77071,0,0,0,0,0,0,6968,73390,25898,128244,,,,
1416271036.79128,pg_toast,pg_toast_12193,0,0,0,0,0,0,0,0,0,0,0,0,0,0,,,,
1416271036.79128,pg_catalog,pg_index,14683,1722033,337133,480177,819,0,819,0,110,43,29713,475512,28300,378827,,,,
1416271036.79128,pg_catalog,pg_ts_dict,0,0,0,0,0,0,0,0,0,0,0,0,0,0,,,,
1416271036.79128,information_schema,sql_features,0,0,,,0,0,0,0,0,0,0,0,,,0,0,0,0
1416271036.79128,pg_catalog,pg_class,37727,9368611,1474398,1425315,1695,433,1685,417,298,86,72984,1720461,60624,2958205,,,,
1416271036.79128,pg_toast,pg_toast_12183,0,0,0,0,0,0,0,0,0,0,0,0,0,0,,,,
1416271036.79128,information_schema,sql_sizing_profiles,0,0,,,0,0,0,0,0,0,0,0,,,0,0,0,0
1416271036.79128,pg_toast,pg_toast_2396,0,0,0,0,0,0,0,0,0,0,0,0,0,0,,,,
1416271036.79128,pg_catalog,pg_enum,0,0,0,0,0,0,0,0,0,0,0,0,0,0,,,,
1416271036.79128,pg_catalog,pg_db_role_setting,0,0,133611,0,0,0,0,0,0,0,0,0,7991,125620,0,0,0,0
1416271036.79128,public,orders,0,0,,,0,0,0,0,0,0,0,0,,,,,,
1416271036.79128,pg_catalog,pg_seclabel,0,0,4003,0,0,0,0,0,0,0,0,0,458,3545,0,0,0,0
1416271036.79128,public,nation,0,0,,,25,0,0,0,25,0,1,0,,,,,,
1416271036.79128,public,partsupp,0,0,,,0,0,0,0,0,0,0,0,,,,,,
1416271036.79128,pg_toast,pg_toast_2609,0,0,0,0,0,0,0,0,0,0,0,0,0,0,,,,
1416271036.79128,pg_toast,pg_toast_1255,0,0,0,0,0,0,0,0,0,0,0,0,0,0,,,,
1416271036.79128,pg_catalog,pg_rewrite,0,0,24537,23238,433,0,433,0,106,33,11336,15377,4875,37119,9646,12360,3740,15218
1416271036.79128,pg_catalog,pg_ts_config,0,0,0,0,0,0,0,0,0,0,0,0,0,0,,,,
1416271036.79128,pg_catalog,pg_extension,0,0,0,0,0,0,0,0,0,0,0,0,0,0,,,,
1416271036.79128,pg_catalog,pg_amop,0,0,312226,435643,0,0,0,0,0,0,20724,414919,35132,639968,,,,
1416271036.79128,pg_catalog,pg_cast,0,0,1000699,274722,0,0,0,0,0,0,8968,265754,11461,1026522,,,,
1416271036.79128,pg_toast,pg_toast_2619,0,0,21412,68072,1111,0,1100,0,31,292,6717,27530,1952,32412,,,,
1416271036.79128,pg_toast,pg_toast_2604,0,0,0,0,0,0,0,0,0,0,0,0,0,0,,,,
1416271096.79325,pg_catalog,pg_auth_members,0,0,0,0,0,0,0,0,0,0,0,0,0,0,,,,
1416271096.79325,pg_catalog,pg_operator,0,0,239259,1026287,0,0,0,0,0,0,60718,678019,45984,490553,,,,
1416271096.79325,pg_catalog,pg_aggregate,0,0,16053,16053,0,0,0,0,0,0,4612,11441,9247,19411,,,,
1416271096.79325,pg_catalog,pg_pltemplate,0,0,0,0,0,0,0,0,0,0,0,0,0,0,,,,
1416271096.79325,pg_toast,pg_toast_12188,0,0,0,0,0,0,0,0,0,0,0,0,0,0,,,,
1416271096.79325,pg_catalog,pg_description,0,0,4003,0,0,0,0,0,0,0,0,0,1484,7388,0,0,0,0
1416271096.79325,pg_catalog,pg_language,0,0,0,0,0,0,0,0,0,0,0,0,0,0,,,,
1416271096.79325,pg_catalog,pg_ts_parser,0,0,0,0,0,0,0,0,0,0,0,0,0,0,,,,
1416271096.79325,pg_catalog,pg_shseclabel,0,0,0,0,0,0,0,0,0,0,0,0,0,0,,,,
1416271096.79325,pg_catalog,pg_foreign_table,0,0,0,0,0,0,0,0,0,0,0,0,0,0,,,,
1416271096.79325,public,customer,6,9000000,0,0,1500000,0,0,0,1500000,0,68533,294857,0,0,,,,
1416271096.79325,information_schema,sql_packages,0,0,,,0,0,0,0,0,0,0,0,,,0,0,0,0
1416271096.79325,information_schema,sql_parts,0,0,,,0,0,0,0,0,0,0,0,,,0,0,0,0
1416271096.79325,pg_catalog,pg_attrdef,0,0,0,0,0,0,0,0,0,0,0,0,0,0,0,0,0,0
1416271096.79325,pg_catalog,pg_ts_template,0,0,0,0,0,0,0,0,0,0,0,0,0,0,,,,
1416271096.79325,pg_catalog,pg_foreign_server,0,0,0,0,0,0,0,0,0,0,0,0,0,0,,,,
1416271096.79325,pg_catalog,pg_default_acl,0,0,3504,0,0,0,0,0,0,0,0,0,413,3091,,,,
1416271096.79325,pg_toast,pg_toast_12198,0,0,0,0,0,0,0,0,0,0,0,0,0,0,,,,
1416271096.79325,pg_toast,pg_toast_12208,0,0,0,0,0,0,0,0,0,0,0,0,0,0,,,,
1416271096.79325,pg_catalog,pg_attribute,3410,22630,982799,1928013,6699,227,6540,191,2406,7,95064,965250,44224,1994535,,,,
1416271096.79325,pg_catalog,pg_statistic,0,0,227870,174967,1523,3674,1485,3241,455,174,39915,146126,20936,470220,6757,28087,1952,32866
1416271096.79325,pg_toast,pg_toast_12203,0,0,0,0,0,0,0,0,0,0,0,0,0,0,,,,
1416271096.79325,pg_toast,pg_toast_2618,0,0,12602,40923,0,0,0,0,0,0,9651,12369,3740,15230,,,,
1416271096.79325,pg_toast,pg_toast_3596,0,0,0,0,0,0,0,0,0,0,0,0,0,0,,,,
1416271096.79325,pg_catalog,pg_depend,0,0,36916,39745,6781,0,6718,0,6267,0,6886,46582,11943,93632,,,,
1416271096.79325,public,region,2,10,0,0,5,0,0,0,5,0,1,3,0,0,,,,
1416271096.79325,information_schema,sql_languages,0,0,,,0,0,0,0,0,0,0,0,,,0,0,0,0
1416271096.79325,pg_catalog,pg_opclass,620,620,195035,2118539,0,0,0,0,0,0,13260,723595,26031,229336,,,,
1416271096.79325,pg_catalog,pg_proc,0,0,419241,617049,0,0,0,0,0,0,72378,408908,69920,859247,0,0,0,0
1416271096.79325,information_schema,sql_implementation_info,0,0,,,0,0,0,0,0,0,0,0,,,0,0,0,0
1416271096.79325,pg_catalog,pg_trigger,0,0,0,0,0,0,0,0,0,0,0,0,0,0,0,0,0,0
1416271096.79325,pg_catalog,pg_am,42291,42291,0,0,0,0,0,0,0,0,7779,34512,0,0,,,,
1416271096.79325,pg_catalog,pg_largeobject_metadata,0,0,0,0,0,0,0,0,0,0,0,0,0,0,,,,
1416271096.79325,pg_catalog,pg_ts_config_map,0,0,0,0,0,0,0,0,0,0,0,0,0,0,,,,
1416271096.79325,pg_catalog,pg_type,0,0,805901,799600,1728,0,1709,0,349,57,23775,783518,29799,1614492,,,,
1416271096.79325,pg_catalog,pg_shdepend,0,0,4909,905,0,0,0,0,0,0,420,485,1854,4799,,,,
1416271096.79325,information_schema,sql_sizing,0,0,,,0,0,0,0,0,0,0,0,,,0,0,0,0
1416271096.79325,public,supplier,4,400000,0,0,100000,0,0,0,100000,0,2312,15648,0,0,,,,
1416271096.79325,public,lineitem,0,0,,,0,0,0,0,0,0,0,0,,,,,,
1416271096.79325,pg_catalog,pg_conversion,0,0,0,0,0,0,0,0,0,0,0,0,0,0,,,,
1416271096.79325,pg_catalog,pg_foreign_data_wrapper,0,0,0,0,0,0,0,0,0,0,0,0,0,0,,,,
1416271096.79325,public,part,6,12000000,0,0,2000000,0,0,0,2000000,0,79007,327715,0,0,,,,
1416271096.79325,pg_catalog,pg_opfamily,0,0,0,0,0,0,0,0,0,0,0,0,0,0,,,,
1416271096.79325,pg_catalog,pg_shdescription,0,0,0,0,0,0,0,0,0,0,0,0,0,0,0,0,0,0
1416271096.79325,pg_catalog,pg_tablespace,2,4,30856,30856,0,0,0,0,0,0,6167,24691,12368,49344,,,,
1416271096.79325,pg_catalog,pg_inherits,0,0,866,0,0,0,0,0,0,0,0,0,430,436,,,,
1416271096.79325,pg_toast,pg_toast_2606,0,0,0,0,0,0,0,0,0,0,0,0,0,0,,,,
1416271096.79325,public,time_statistics,0,0,,,1,0,0,0,1,0,1,0,,,,,,
1416271096.79325,pg_toast,pg_toast_2964,0,0,0,0,0,0,0,0,0,0,0,0,0,0,,,,
1416271096.79325,pg_catalog,pg_database,9333,36816,181322,181320,1,0,0,0,1,0,8150,182504,36727,233651,,,,
1416271096.79325,pg_toast,pg_toast_2620,0,0,0,0,0,0,0,0,0,0,0,0,0,0,,,,
1416271096.79325,pg_toast,pg_toast_12213,0,0,0,0,0,0,0,0,0,0,0,0,0,0,,,,
1416271096.79325,pg_catalog,pg_amproc,620,1240,151427,225062,0,0,0,0,0,0,9783,139787,26594,317715,,,,
1416271096.79325,pg_catalog,pg_collation,0,0,0,0,0,0,0,0,0,0,0,0,0,0,,,,
1416271096.79325,pg_catalog,pg_constraint,0,0,358,176,182,0,176,0,8,8,103,1014,186,1816,0,0,0,0
1416271096.79325,pg_catalog,pg_range,0,0,5860,0,0,0,0,0,0,0,0,0,7096,4624,,,,
1416271096.79325,pg_catalog,pg_user_mapping,0,0,0,0,0,0,0,0,0,0,0,0,0,0,,,,
1416271096.79325,pg_catalog,pg_largeobject,0,0,0,0,0,0,0,0,0,0,0,0,0,0,,,,
1416271096.79325,pg_catalog,pg_namespace,6647,181188,501961,463630,28,0,0,0,28,0,6762,463586,17585,528548,,,,
1416271096.79325,pg_catalog,pg_authid,3289,3289,77134,77134,0,0,0,0,0,0,6968,73455,25898,128370,,,,
1416271096.79325,pg_toast,pg_toast_12193,0,0,0,0,0,0,0,0,0,0,0,0,0,0,,,,
1416271096.79325,pg_catalog,pg_index,14705,1722947,337538,480706,836,0,819,0,127,43,29717,476062,28300,379332,,,,
1416271096.79325,pg_catalog,pg_ts_dict,0,0,0,0,0,0,0,0,0,0,0,0,0,0,,,,
1416271096.79325,information_schema,sql_features,0,0,,,0,0,0,0,0,0,0,0,,,0,0,0,0
1416271096.79325,pg_catalog,pg_class,37769,9373551,1475561,1426417,1712,433,1685,417,315,84,72985,1721977,60624,2960672,,,,
1416271096.79325,pg_toast,pg_toast_12183,0,0,0,0,0,0,0,0,0,0,0,0,0,0,,,,
1416271096.79325,information_schema,sql_sizing_profiles,0,0,,,0,0,0,0,0,0,0,0,,,0,0,0,0
1416271096.79325,pg_toast,pg_toast_2396,0,0,0,0,0,0,0,0,0,0,0,0,0,0,,,,
1416271096.79325,pg_catalog,pg_enum,0,0,0,0,0,0,0,0,0,0,0,0,0,0,,,,
1416271096.79325,pg_catalog,pg_db_role_setting,0,0,133710,0,0,0,0,0,0,0,0,0,7991,125719,0,0,0,0
1416271096.79325,public,orders,0,0,,,0,0,0,0,0,0,0,0,,,,,,
1416271096.79325,pg_catalog,pg_seclabel,0,0,4003,0,0,0,0,0,0,0,0,0,458,3545,0,0,0,0
1416271096.79325,public,nation,2,50,0,0,25,0,0,0,25,0,1,3,0,0,,,,
1416271096.79325,public,partsupp,3,24000000,0,0,8000000,0,0,0,8000000,0,340611,954509,0,0,,,,
1416271096.79325,pg_toast,pg_toast_2609,0,0,0,0,0,0,0,0,0,0,0,0,0,0,,,,
1416271096.79325,pg_toast,pg_toast_1255,0,0,0,0,0,0,0,0,0,0,0,0,0,0,,,,
1416271096.79325,pg_catalog,pg_rewrite,0,0,24551,23252,433,0,433,0,106,33,11341,15386,4875,37143,9651,12369,3740,15230
1416271096.79325,pg_catalog,pg_ts_config,0,0,0,0,0,0,0,0,0,0,0,0,0,0,,,,
1416271096.79325,pg_catalog,pg_extension,0,0,0,0,0,0,0,0,0,0,0,0,0,0,,,,
1416271096.79325,pg_catalog,pg_amop,0,0,312420,435860,0,0,0,0,0,0,20726,415134,35133,640385,,,,
1416271096.79325,pg_catalog,pg_cast,0,0,1001922,274988,0,0,0,0,0,0,8968,266020,11461,1027779,,,,
1416271096.79325,pg_toast,pg_toast_2619,0,0,21461,68104,1282,0,1110,0,192,10,6757,28087,1952,32866,,,,
1416271096.79325,pg_toast,pg_toast_2604,0,0,0,0,0,0,0,0,0,0,0,0,0,0,,,,
1416271156.79568,pg_catalog,pg_auth_members,0,0,0,0,0,0,0,0,0,0,0,0,0,0,,,,
1416271156.79568,pg_catalog,pg_operator,0,0,239299,1026327,0,0,0,0,0,0,60718,678059,45984,490651,,,,
1416271156.79568,pg_catalog,pg_aggregate,0,0,16055,16055,0,0,0,0,0,0,4612,11443,9247,19415,,,,
1416271156.79568,pg_catalog,pg_pltemplate,0,0,0,0,0,0,0,0,0,0,0,0,0,0,,,,
1416271156.79568,pg_toast,pg_toast_12188,0,0,0,0,0,0,0,0,0,0,0,0,0,0,,,,
1416271156.79568,pg_catalog,pg_description,0,0,4003,0,0,0,0,0,0,0,0,0,1484,7388,0,0,0,0
1416271156.79568,pg_catalog,pg_language,0,0,0,0,0,0,0,0,0,0,0,0,0,0,,,,
1416271156.79568,pg_catalog,pg_ts_parser,0,0,0,0,0,0,0,0,0,0,0,0,0,0,,,,
1416271156.79568,pg_catalog,pg_shseclabel,0,0,0,0,0,0,0,0,0,0,0,0,0,0,,,,
1416271156.79568,pg_catalog,pg_foreign_table,0,0,0,0,0,0,0,0,0,0,0,0,0,0,,,,
1416271156.79568,public,customer,6,9000000,0,0,1500000,0,0,0,1500000,0,68533,294857,0,0,,,,
1416271156.79568,information_schema,sql_packages,0,0,,,0,0,0,0,0,0,0,0,,,0,0,0,0
1416271156.79568,information_schema,sql_parts,0,0,,,0,0,0,0,0,0,0,0,,,0,0,0,0
1416271156.79568,pg_catalog,pg_attrdef,0,0,0,0,0,0,0,0,0,0,0,0,0,0,0,0,0,0
1416271156.79568,pg_catalog,pg_ts_template,0,0,0,0,0,0,0,0,0,0,0,0,0,0,,,,
1416271156.79568,pg_catalog,pg_foreign_server,0,0,0,0,0,0,0,0,0,0,0,0,0,0,,,,
1416271156.79568,pg_catalog,pg_default_acl,0,0,3504,0,0,0,0,0,0,0,0,0,413,3091,,,,
1416271156.79568,pg_toast,pg_toast_12198,0,0,0,0,0,0,0,0,0,0,0,0,0,0,,,,
1416271156.79568,pg_toast,pg_toast_12208,0,0,0,0,0,0,0,0,0,0,0,0,0,0,,,,
1416271156.79568,pg_catalog,pg_attribute,3421,22703,983322,1929103,6704,228,6540,192,2411,8,95065,965939,44224,1995620,,,,
1416271156.79568,pg_catalog,pg_statistic,0,0,227933,175007,1532,3674,1485,3241,503,0,39929,146273,20936,470380,6757,28149,1952,32979
1416271156.79568,pg_toast,pg_toast_12203,0,0,0,0,0,0,0,0,0,0,0,0,0,0,,,,
1416271156.79568,pg_toast,pg_toast_2618,0,0,12610,40949,0,0,0,0,0,0,9651,12383,3740,15242,,,,
1416271156.79568,pg_toast,pg_toast_3596,0,0,0,0,0,0,0,0,0,0,0,0,0,0,,,,
1416271156.79568,pg_catalog,pg_depend,0,0,36927,39755,6787,0,6718,0,6273,0,6886,46607,11943,93684,,,,
1416271156.79568,public,region,2,10,0,0,5,0,0,0,5,0,1,3,0,0,,,,
1416271156.79568,information_schema,sql_languages,0,0,,,0,0,0,0,0,0,0,0,,,0,0,0,0
1416271156.79568,pg_catalog,pg_opclass,622,622,195103,2119319,0,0,0,0,0,0,13260,723823,26031,229429,,,,
1416271156.79568,pg_catalog,pg_proc,0,0,419399,617284,0,0,0,0,0,0,72378,409099,69920,859596,0,0,0,0
1416271156.79568,information_schema,sql_implementation_info,0,0,,,0,0,0,0,0,0,0,0,,,0,0,0,0
1416271156.79568,pg_catalog,pg_trigger,0,0,0,0,0,0,0,0,0,0,0,0,0,0,0,0,0,0
1416271156.79568,pg_catalog,pg_am,42309,42309,0,0,0,0,0,0,0,0,7779,34530,0,0,,,,
1416271156.79568,pg_catalog,pg_largeobject_metadata,0,0,0,0,0,0,0,0,0,0,0,0,0,0,,,,
1416271156.79568,pg_catalog,pg_ts_config_map,0,0,0,0,0,0,0,0,0,0,0,0,0,0,,,,
1416271156.79568,pg_catalog,pg_type,0,0,806112,799811,1728,0,1709,0,349,57,23775,783729,29799,1614930,,,,
1416271156.79568,pg_catalog,pg_shdepend,0,0,4909,905,0,0,0,0,0,0,420,485,1854,4799,,,,
1416271156.79568,information_schema,sql_sizing,0,0,,,0,0,0,0,0,0,0,0,,,0,0,0,0
1416271156.79568,public,supplier,4,400000,0,0,100000,0,0,0,100000,0,2312,15648,0,0,,,,
1416271156.79568,public,lineitem,0,0,,,0,0,0,0,0,0,0,0,,,,,,
1416271156.79568,pg_catalog,pg_conversion,0,0,0,0,0,0,0,0,0,0,0,0,0,0,,,,
1416271156.79568,pg_catalog,pg_foreign_data_wrapper,0,0,0,0,0,0,0,0,0,0,0,0,0,0,,,,
1416271156.79568,public,part,6,12000000,0,0,2000000,0,0,0,2000000,0,79007,327715,0,0,,,,
1416271156.79568,pg_catalog,pg_opfamily,0,0,0,0,0,0,0,0,0,0,0,0,0,0,,,,
1416271156.79568,pg_catalog,pg_shdescription,0,0,0,0,0,0,0,0,0,0,0,0,0,0,0,0,0,0
1416271156.79568,pg_catalog,pg_tablespace,2,4,30867,30867,0,0,0,0,0,0,6167,24702,12368,49366,,,,
1416271156.79568,pg_catalog,pg_inherits,0,0,866,0,0,0,0,0,0,0,0,0,430,436,,,,
1416271156.79568,pg_toast,pg_toast_2606,0,0,0,0,0,0,0,0,0,0,0,0,0,0,,,,
1416271156.79568,public,time_statistics,0,0,,,1,0,0,0,1,0,1,0,,,,,,
1416271156.79568,pg_toast,pg_toast_2964,0,0,0,0,0,0,0,0,0,0,0,0,0,0,,,,
1416271156.79568,pg_catalog,pg_database,9337,36832,181388,181386,1,0,0,0,1,0,8150,182574,36727,233749,,,,
1416271156.79568,pg_toast,pg_toast_2620,0,0,0,0,0,0,0,0,0,0,0,0,0,0,,,,
1416271156.79568,pg_toast,pg_toast_12213,0,0,0,0,0,0,0,0,0,0,0,0,0,0,,,,
1416271156.79568,pg_catalog,pg_amproc,622,1244,151481,225143,0,0,0,0,0,0,9783,139845,26594,317838,,,,
1416271156.79568,pg_catalog,pg_collation,0,0,0,0,0,0,0,0,0,0,0,0,0,0,,,,
1416271156.79568,pg_catalog,pg_constraint,0,0,359,176,183,0,176,0,9,8,103,1018,186,1825,0,0,0,0
1416271156.79568,pg_catalog,pg_range,0,0,5860,0,0,0,0,0,0,0,0,0,7096,4624,,,,
1416271156.79568,pg_catalog,pg_user_mapping,0,0,0,0,0,0,0,0,0,0,0,0,0,0,,,,
1416271156.79568,pg_catalog,pg_largeobject,0,0,0,0,0,0,0,0,0,0,0,0,0,0,,,,
1416271156.79568,pg_catalog,pg_namespace,6651,181324,502260,463913,28,0,0,0,28,0,6762,463873,17585,528866,,,,
1416271156.79568,pg_catalog,pg_authid,3292,3292,77163,77163,0,0,0,0,0,0,6968,73487,25898,128428,,,,
1416271156.79568,pg_toast,pg_toast_12193,0,0,0,0,0,0,0,0,0,0,0,0,0,0,,,,
1416271156.79568,pg_catalog,pg_index,14720,1723970,337697,480904,839,0,819,0,130,43,29717,476286,28300,379528,,,,
1416271156.79568,pg_catalog,pg_ts_dict,0,0,0,0,0,0,0,0,0,0,0,0,0,0,,,,
1416271156.79568,information_schema,sql_features,0,0,,,0,0,0,0,0,0,0,0,,,0,0,0,0
1416271156.79568,pg_catalog,pg_class,37798,9378689,1476344,1427189,1715,433,1685,417,318,84,72985,1722990,60624,2962283,,,,
1416271156.79568,pg_toast,pg_toast_12183,0,0,0,0,0,0,0,0,0,0,0,0,0,0,,,,
1416271156.79568,information_schema,sql_sizing_profiles,0,0,,,0,0,0,0,0,0,0,0,,,0,0,0,0
1416271156.79568,pg_toast,pg_toast_2396,0,0,0,0,0,0,0,0,0,0,0,0,0,0,,,,
1416271156.79568,pg_catalog,pg_enum,0,0,0,0,0,0,0,0,0,0,0,0,0,0,,,,
1416271156.79568,pg_catalog,pg_db_role_setting,0,0,133758,0,0,0,0,0,0,0,0,0,7991,125767,0,0,0,0
1416271156.79568,public,orders,4,60000000,0,0,15000000,0,0,0,15000000,0,504554,1558780,0,0,,,,
1416271156.79568,pg_catalog,pg_seclabel,0,0,4003,0,0,0,0,0,0,0,0,0,458,3545,0,0,0,0
1416271156.79568,public,nation,2,50,0,0,25,0,0,0,25,0,1,3,0,0,,,,
1416271156.79568,public,partsupp,3,24000000,0,0,8000000,0,0,0,8000000,0,340611,954509,0,0,,,,
1416271156.79568,pg_toast,pg_toast_2609,0,0,0,0,0,0,0,0,0,0,0,0,0,0,,,,
1416271156.79568,pg_toast,pg_toast_1255,0,0,0,0,0,0,0,0,0,0,0,0,0,0,,,,
1416271156.79568,pg_catalog,pg_rewrite,0,0,24566,23267,433,0,433,0,106,33,11341,15401,4875,37169,9651,12383,3740,15242
1416271156.79568,pg_catalog,pg_ts_config,0,0,0,0,0,0,0,0,0,0,0,0,0,0,,,,
1416271156.79568,pg_catalog,pg_extension,0,0,0,0,0,0,0,0,0,0,0,0,0,0,,,,
1416271156.79568,pg_catalog,pg_amop,0,0,312512,435971,0,0,0,0,0,0,20726,415245,35133,640589,,,,
1416271156.79568,pg_catalog,pg_cast,0,0,1002187,275081,0,0,0,0,0,0,8968,266113,11461,1028059,,,,
1416271156.79568,pg_toast,pg_toast_2619,0,0,21477,68116,1319,0,1110,0,229,10,6757,28149,1952,32979,,,,
1416271156.79568,pg_toast,pg_toast_2604,0,0,0,0,0,0,0,0,0,0,0,0,0,0,,,,
1416271216.80075,pg_catalog,pg_auth_members,0,0,0,0,0,0,0,0,0,0,0,0,0,0,,,,
1416271216.80075,pg_catalog,pg_operator,0,0,239335,1026363,0,0,0,0,0,0,60718,678095,45984,490741,,,,
1416271216.80075,pg_catalog,pg_aggregate,0,0,16057,16057,0,0,0,0,0,0,4612,11445,9247,19419,,,,
1416271216.80075,pg_catalog,pg_pltemplate,0,0,0,0,0,0,0,0,0,0,0,0,0,0,,,,
1416271216.80075,pg_toast,pg_toast_12188,0,0,0,0,0,0,0,0,0,0,0,0,0,0,,,,
1416271216.80075,pg_catalog,pg_description,0,0,4003,0,0,0,0,0,0,0,0,0,1484,7388,0,0,0,0
1416271216.80075,pg_catalog,pg_language,0,0,0,0,0,0,0,0,0,0,0,0,0,0,,,,
1416271216.80075,pg_catalog,pg_ts_parser,0,0,0,0,0,0,0,0,0,0,0,0,0,0,,,,
1416271216.80075,pg_catalog,pg_shseclabel,0,0,0,0,0,0,0,0,0,0,0,0,0,0,,,,
1416271216.80075,pg_catalog,pg_foreign_table,0,0,0,0,0,0,0,0,0,0,0,0,0,0,,,,
1416271216.80075,public,customer,6,9000000,0,0,1500000,0,0,0,1500000,0,68533,294857,0,0,,,,
1416271216.80075,information_schema,sql_packages,0,0,,,0,0,0,0,0,0,0,0,,,0,0,0,0
1416271216.80075,information_schema,sql_parts,0,0,,,0,0,0,0,0,0,0,0,,,0,0,0,0
1416271216.80075,pg_catalog,pg_attrdef,0,0,0,0,0,0,0,0,0,0,0,0,0,0,0,0,0,0
1416271216.80075,pg_catalog,pg_ts_template,0,0,0,0,0,0,0,0,0,0,0,0,0,0,,,,
1416271216.80075,pg_catalog,pg_foreign_server,0,0,0,0,0,0,0,0,0,0,0,0,0,0,,,,
1416271216.80075,pg_catalog,pg_default_acl,0,0,3504,0,0,0,0,0,0,0,0,0,413,3091,,,,
1416271216.80075,pg_toast,pg_toast_12198,0,0,0,0,0,0,0,0,0,0,0,0,0,0,,,,
1416271216.80075,pg_toast,pg_toast_12208,0,0,0,0,0,0,0,0,0,0,0,0,0,0,,,,
1416271216.80075,pg_catalog,pg_attribute,3421,22703,983712,1929753,6704,228,6540,192,2411,8,95065,966331,44224,1996411,,,,
1416271216.80075,pg_catalog,pg_statistic,0,0,227985,175047,1532,3674,1485,3241,503,0,39929,146313,20936,470495,6757,28156,1952,33000
1416271216.80075,pg_toast,pg_toast_12203,0,0,0,0,0,0,0,0,0,0,0,0,0,0,,,,
1416271216.80075,pg_toast,pg_toast_2618,0,0,12618,40975,0,0,0,0,0,0,9651,12397,3740,15254,,,,
1416271216.80075,pg_toast,pg_toast_3596,0,0,0,0,0,0,0,0,0,0,0,0,0,0,,,,
1416271216.80075,pg_catalog,pg_depend,0,0,36927,39755,6787,0,6718,0,6273,0,6886,46607,11943,93684,,,,
1416271216.80075,public,region,2,10,0,0,5,0,0,0,5,0,1,3,0,0,,,,
1416271216.80075,information_schema,sql_languages,0,0,,,0,0,0,0,0,0,0,0,,,0,0,0,0
1416271216.80075,pg_catalog,pg_opclass,622,622,195141,2119745,0,0,0,0,0,0,13260,723962,26031,229485,,,,
1416271216.80075,pg_catalog,pg_proc,0,0,419557,617519,0,0,0,0,0,0,72378,409290,69920,859945,0,0,0,0
1416271216.80075,information_schema,sql_implementation_info,0,0,,,0,0,0,0,0,0,0,0,,,0,0,0,0
1416271216.80075,pg_catalog,pg_trigger,0,0,0,0,0,0,0,0,0,0,0,0,0,0,0,0,0,0
1416271216.80075,pg_catalog,pg_am,42320,42320,0,0,0,0,0,0,0,0,7779,34541,0,0,,,,
1416271216.80075,pg_catalog,pg_largeobject_metadata,0,0,0,0,0,0,0,0,0,0,0,0,0,0,,,,
1416271216.80075,pg_catalog,pg_ts_config_map,0,0,0,0,0,0,0,0,0,0,0,0,0,0,,,,
1416271216.80075,pg_catalog,pg_type,0,0,806312,800011,1728,0,1709,0,349,57,23775,783929,29799,1615341,,,,
1416271216.80075,pg_catalog,pg_shdepend,0,0,4909,905,0,0,0,0,0,0,420,485,1854,4799,,,,
1416271216.80075,information_schema,sql_sizing,0,0,,,0,0,0,0,0,0,0,0,,,0,0,0,0
1416271216.80075,public,supplier,4,400000,0,0,100000,0,0,0,100000,0,2312,15648,0,0,,,,
1416271216.80075,public,lineitem,0,0,,,0,0,0,0,0,0,0,0,,,,,,
1416271216.80075,pg_catalog,pg_conversion,0,0,0,0,0,0,0,0,0,0,0,0,0,0,,,,
1416271216.80075,pg_catalog,pg_foreign_data_wrapper,0,0,0,0,0,0,0,0,0,0,0,0,0,0,,,,
1416271216.80075,public,part,6,12000000,0,0,2000000,0,0,0,2000000,0,79007,327715,0,0,,,,
1416271216.80075,pg_catalog,pg_opfamily,0,0,0,0,0,0,0,0,0,0,0,0,0,0,,,,
1416271216.80075,pg_catalog,pg_shdescription,0,0,0,0,0,0,0,0,0,0,0,0,0,0,0,0,0,0
1416271216.80075,pg_catalog,pg_tablespace,2,4,30878,30878,0,0,0,0,0,0,6167,24713,12368,49388,,,,
1416271216.80075,pg_catalog,pg_inherits,0,0,866,0,0,0,0,0,0,0,0,0,430,436,,,,
1416271216.80075,pg_toast,pg_toast_2606,0,0,0,0,0,0,0,0,0,0,0,0,0,0,,,,
1416271216.80075,public,time_statistics,0,0,,,1,0,0,0,1,0,1,0,,,,,,
1416271216.80075,pg_toast,pg_toast_2964,0,0,0,0,0,0,0,0,0,0,0,0,0,0,,,,
1416271216.80075,pg_catalog,pg_database,9341,36848,181436,181434,1,0,0,0,1,0,8150,182626,36727,233821,,,,
1416271216.80075,pg_toast,pg_toast_2620,0,0,0,0,0,0,0,0,0,0,0,0,0,0,,,,
1416271216.80075,pg_toast,pg_toast_12213,0,0,0,0,0,0,0,0,0,0,0,0,0,0,,,,
1416271216.80075,pg_catalog,pg_amproc,622,1244,151516,225196,0,0,0,0,0,0,9783,139880,26594,317919,,,,
1416271216.80075,pg_catalog,pg_collation,0,0,0,0,0,0,0,0,0,0,0,0,0,0,,,,
1416271216.80075,pg_catalog,pg_constraint,0,0,359,176,183,0,176,0,9,8,103,1018,186,1825,0,0,0,0
1416271216.80075,pg_catalog,pg_range,0,0,5860,0,0,0,0,0,0,0,0,0,7096,4624,,,,
1416271216.80075,pg_catalog,pg_user_mapping,0,0,0,0,0,0,0,0,0,0,0,0,0,0,,,,
1416271216.80075,pg_catalog,pg_largeobject,0,0,0,0,0,0,0,0,0,0,0,0,0,0,,,,
1416271216.80075,pg_catalog,pg_namespace,6655,181460,502553,464195,28,0,0,0,28,0,6762,464159,17585,529172,,,,
1416271216.80075,pg_catalog,pg_authid,3294,3294,77183,77183,0,0,0,0,0,0,6968,73509,25898,128468,,,,
1416271216.80075,pg_toast,pg_toast_12193,0,0,0,0,0,0,0,0,0,0,0,0,0,0,,,,
1416271216.80075,pg_catalog,pg_index,14728,1725010,337767,480995,839,0,819,0,130,43,29717,476396,28300,379620,,,,
1416271216.80075,pg_catalog,pg_ts_dict,0,0,0,0,0,0,0,0,0,0,0,0,0,0,,,,
1416271216.80075,information_schema,sql_features,0,0,,,0,0,0,0,0,0,0,0,,,0,0,0,0
1416271216.80075,pg_catalog,pg_class,37817,9384178,1476988,1427833,1715,433,1685,417,318,84,72985,1723826,60624,2963595,,,,
1416271216.80075,pg_toast,pg_toast_12183,0,0,0,0,0,0,0,0,0,0,0,0,0,0,,,,
1416271216.80075,information_schema,sql_sizing_profiles,0,0,,,0,0,0,0,0,0,0,0,,,0,0,0,0
1416271216.80075,pg_toast,pg_toast_2396,0,0,0,0,0,0,0,0,0,0,0,0,0,0,,,,
1416271216.80075,pg_catalog,pg_enum,0,0,0,0,0,0,0,0,0,0,0,0,0,0,,,,
1416271216.80075,pg_catalog,pg_db_role_setting,0,0,133794,0,0,0,0,0,0,0,0,0,7991,125803,0,0,0,0
1416271216.80075,public,orders,4,60000000,0,0,15000000,0,0,0,15000000,0,504554,1558780,0,0,,,,
1416271216.80075,pg_catalog,pg_seclabel,0,0,4003,0,0,0,0,0,0,0,0,0,458,3545,0,0,0,0
1416271216.80075,public,nation,2,50,0,0,25,0,0,0,25,0,1,3,0,0,,,,
1416271216.80075,public,partsupp,3,24000000,0,0,8000000,0,0,0,8000000,0,340611,954509,0,0,,,,
1416271216.80075,pg_toast,pg_toast_2609,0,0,0,0,0,0,0,0,0,0,0,0,0,0,,,,
1416271216.80075,pg_toast,pg_toast_1255,0,0,0,0,0,0,0,0,0,0,0,0,0,0,,,,
1416271216.80075,pg_catalog,pg_rewrite,0,0,24581,23282,433,0,433,0,106,33,11341,15416,4875,37195,9651,12397,3740,15254
1416271216.80075,pg_catalog,pg_ts_config,0,0,0,0,0,0,0,0,0,0,0,0,0,0,,,,
1416271216.80075,pg_catalog,pg_extension,0,0,0,0,0,0,0,0,0,0,0,0,0,0,,,,
1416271216.80075,pg_catalog,pg_amop,0,0,312588,436065,0,0,0,0,0,0,20726,415339,35133,640759,,,,
1416271216.80075,pg_catalog,pg_cast,0,0,1002351,275143,0,0,0,0,0,0,8968,266175,11461,1028234,,,,
1416271216.80075,pg_toast,pg_toast_2619,0,0,21484,68130,1319,0,1110,0,229,10,6757,28156,1952,33000,,,,
1416271216.80075,pg_toast,pg_toast_2604,0,0,0,0,0,0,0,0,0,0,0,0,0,0,,,,
1416271276.80471,pg_catalog,pg_auth_members,0,0,0,0,0,0,0,0,0,0,0,0,0,0,,,,
1416271276.80471,pg_catalog,pg_operator,0,0,239366,1026394,0,0,0,0,0,0,60718,678126,45984,490816,,,,
1416271276.80471,pg_catalog,pg_aggregate,0,0,16059,16059,0,0,0,0,0,0,4612,11447,9247,19423,,,,
1416271276.80471,pg_catalog,pg_pltemplate,0,0,0,0,0,0,0,0,0,0,0,0,0,0,,,,
1416271276.80471,pg_toast,pg_toast_12188,0,0,0,0,0,0,0,0,0,0,0,0,0,0,,,,
1416271276.80471,pg_catalog,pg_description,0,0,4003,0,0,0,0,0,0,0,0,0,1484,7388,0,0,0,0
1416271276.80471,pg_catalog,pg_language,0,0,0,0,0,0,0,0,0,0,0,0,0,0,,,,
1416271276.80471,pg_catalog,pg_ts_parser,0,0,0,0,0,0,0,0,0,0,0,0,0,0,,,,
1416271276.80471,pg_catalog,pg_shseclabel,0,0,0,0,0,0,0,0,0,0,0,0,0,0,,,,
1416271276.80471,pg_catalog,pg_foreign_table,0,0,0,0,0,0,0,0,0,0,0,0,0,0,,,,
1416271276.80471,public,customer,6,9000000,0,0,1500000,0,0,0,1500000,0,68533,294857,0,0,,,,
1416271276.80471,information_schema,sql_packages,0,0,,,0,0,0,0,0,0,0,0,,,0,0,0,0
1416271276.80471,information_schema,sql_parts,0,0,,,0,0,0,0,0,0,0,0,,,0,0,0,0
1416271276.80471,pg_catalog,pg_attrdef,0,0,0,0,0,0,0,0,0,0,0,0,0,0,0,0,0,0
1416271276.80471,pg_catalog,pg_ts_template,0,0,0,0,0,0,0,0,0,0,0,0,0,0,,,,
1416271276.80471,pg_catalog,pg_foreign_server,0,0,0,0,0,0,0,0,0,0,0,0,0,0,,,,
1416271276.80471,pg_catalog,pg_default_acl,0,0,3504,0,0,0,0,0,0,0,0,0,413,3091,,,,
1416271276.80471,pg_toast,pg_toast_12198,0,0,0,0,0,0,0,0,0,0,0,0,0,0,,,,
1416271276.80471,pg_toast,pg_toast_12208,0,0,0,0,0,0,0,0,0,0,0,0,0,0,,,,
1416271276.80471,pg_catalog,pg_attribute,3421,22703,984060,1930303,6704,228,6540,192,2411,8,95065,966681,44224,1997115,,,,
1416271276.80471,pg_catalog,pg_statistic,0,0,228029,175081,1532,3674,1485,3241,503,0,39929,146347,20936,470591,6757,28161,1952,33015
1416271276.80471,pg_toast,pg_toast_12203,0,0,0,0,0,0,0,0,0,0,0,0,0,0,,,,
1416271276.80471,pg_toast,pg_toast_2618,0,0,12626,41001,0,0,0,0,0,0,9651,12411,3740,15266,,,,
1416271276.80471,pg_toast,pg_toast_3596,0,0,0,0,0,0,0,0,0,0,0,0,0,0,,,,
1416271276.80471,pg_catalog,pg_depend,0,0,36927,39755,6787,0,6718,0,6273,0,6886,46607,11943,93684,,,,
1416271276.80471,public,region,2,10,0,0,5,0,0,0,5,0,1,3,0,0,,,,
1416271276.80471,information_schema,sql_languages,0,0,,,0,0,0,0,0,0,0,0,,,0,0,0,0
1416271276.80471,pg_catalog,pg_opclass,622,622,195166,2120006,0,0,0,0,0,0,13260,724042,26031,229523,,,,
1416271276.80471,pg_catalog,pg_proc,0,0,419697,617715,0,0,0,0,0,0,72378,409454,69920,860249,0,0,0,0
1416271276.80471,information_schema,sql_implementation_info,0,0,,,0,0,0,0,0,0,0,0,,,0,0,0,0
1416271276.80471,pg_catalog,pg_trigger,0,0,0,0,0,0,0,0,0,0,0,0,0,0,0,0,0,0
1416271276.80471,pg_catalog,pg_am,42328,42328,0,0,0,0,0,0,0,0,7779,34549,0,0,,,,
1416271276.80471,pg_catalog,pg_largeobject_metadata,0,0,0,0,0,0,0,0,0,0,0,0,0,0,,,,
1416271276.80471,pg_catalog,pg_ts_config_map,0,0,0,0,0,0,0,0,0,0,0,0,0,0,,,,
1416271276.80471,pg_catalog,pg_type,0,0,806457,800156,1728,0,1709,0,349,57,23775,784074,29799,1615639,,,,
1416271276.80471,pg_catalog,pg_shdepend,0,0,4909,905,0,0,0,0,0,0,420,485,1854,4799,,,,
1416271276.80471,information_schema,sql_sizing,0,0,,,0,0,0,0,0,0,0,0,,,0,0,0,0
1416271276.80471,public,supplier,4,400000,0,0,100000,0,0,0,100000,0,2312,15648,0,0,,,,
1416271276.80471,public,lineitem,0,0,,,0,0,0,0,0,0,0,0,,,,,,
1416271276.80471,pg_catalog,pg_conversion,0,0,0,0,0,0,0,0,0,0,0,0,0,0,,,,
1416271276.80471,pg_catalog,pg_foreign_data_wrapper,0,0,0,0,0,0,0,0,0,0,0,0,0,0,,,,
1416271276.80471,public,part,6,12000000,0,0,2000000,0,0,0,2000000,0,79007,327715,0,0,,,,
1416271276.80471,pg_catalog,pg_opfamily,0,0,0,0,0,0,0,0,0,0,0,0,0,0,,,,
1416271276.80471,pg_catalog,pg_shdescription,0,0,0,0,0,0,0,0,0,0,0,0,0,0,0,0,0,0
1416271276.80471,pg_catalog,pg_tablespace,2,4,30886,30886,0,0,0,0,0,0,6167,24721,12368,49404,,,,
1416271276.80471,pg_catalog,pg_inherits,0,0,866,0,0,0,0,0,0,0,0,0,430,436,,,,
1416271276.80471,pg_toast,pg_toast_2606,0,0,0,0,0,0,0,0,0,0,0,0,0,0,,,,
1416271276.80471,public,time_statistics,0,0,,,1,0,0,0,1,0,1,0,,,,,,
1416271276.80471,pg_toast,pg_toast_2964,0,0,0,0,0,0,0,0,0,0,0,0,0,0,,,,
1416271276.80471,pg_catalog,pg_database,9345,36864,181468,181466,1,0,0,0,1,0,8150,182662,36727,233871,,,,
1416271276.80471,pg_toast,pg_toast_2620,0,0,0,0,0,0,0,0,0,0,0,0,0,0,,,,
1416271276.80471,pg_toast,pg_toast_12213,0,0,0,0,0,0,0,0,0,0,0,0,0,0,,,,
1416271276.80471,pg_catalog,pg_amproc,622,1244,151539,225232,0,0,0,0,0,0,9783,139903,26594,317973,,,,
1416271276.80471,pg_catalog,pg_collation,0,0,0,0,0,0,0,0,0,0,0,0,0,0,,,,
1416271276.80471,pg_catalog,pg_constraint,0,0,359,176,183,0,176,0,9,8,103,1018,186,1825,0,0,0,0
1416271276.80471,pg_catalog,pg_range,0,0,5860,0,0,0,0,0,0,0,0,0,7096,4624,,,,
1416271276.80471,pg_catalog,pg_user_mapping,0,0,0,0,0,0,0,0,0,0,0,0,0,0,,,,
1416271276.80471,pg_catalog,pg_largeobject,0,0,0,0,0,0,0,0,0,0,0,0,0,0,,,,
1416271276.80471,pg_catalog,pg_namespace,6659,181596,502837,464471,28,0,0,0,28,0,6762,464439,17585,529466,,,,
1416271276.80471,pg_catalog,pg_authid,3295,3295,77197,77197,0,0,0,0,0,0,6968,73524,25898,128496,,,,
1416271276.80471,pg_toast,pg_toast_12193,0,0,0,0,0,0,0,0,0,0,0,0,0,0,,,,
1416271276.80471,pg_catalog,pg_index,14736,1726050,337825,481070,839,0,819,0,130,43,29717,476494,28300,379694,,,,
1416271276.80471,pg_catalog,pg_ts_dict,0,0,0,0,0,0,0,0,0,0,0,0,0,0,,,,
1416271276.80471,information_schema,sql_features,0,0,,,0,0,0,0,0,0,0,0,,,0,0,0,0
1416271276.80471,pg_catalog,pg_class,37834,9389031,1477604,1428449,1715,433,1685,417,318,84,72985,1724614,60624,2964845,,,,
1416271276.80471,pg_toast,pg_toast_12183,0,0,0,0,0,0,0,0,0,0,0,0,0,0,,,,
1416271276.80471,information_schema,sql_sizing_profiles,0,0,,,0,0,0,0,0,0,0,0,,,0,0,0,0
1416271276.80471,pg_toast,pg_toast_2396,0,0,0,0,0,0,0,0,0,0,0,0,0,0,,,,
1416271276.80471,pg_catalog,pg_enum,0,0,0,0,0,0,0,0,0,0,0,0,0,0,,,,
1416271276.80471,pg_catalog,pg_db_role_setting,0,0,133821,0,0,0,0,0,0,0,0,0,7991,125830,0,0,0,0
1416271276.80471,public,orders,4,60000000,0,0,15000000,0,0,0,15000000,0,504554,1558780,0,0,,,,
1416271276.80471,pg_catalog,pg_seclabel,0,0,4003,0,0,0,0,0,0,0,0,0,458,3545,0,0,0,0
1416271276.80471,public,nation,2,50,0,0,25,0,0,0,25,0,1,3,0,0,,,,
1416271276.80471,public,partsupp,3,24000000,0,0,8000000,0,0,0,8000000,0,340611,954509,0,0,,,,
1416271276.80471,pg_toast,pg_toast_2609,0,0,0,0,0,0,0,0,0,0,0,0,0,0,,,,
1416271276.80471,pg_toast,pg_toast_1255,0,0,0,0,0,0,0,0,0,0,0,0,0,0,,,,
1416271276.80471,pg_catalog,pg_rewrite,0,0,24593,23294,433,0,433,0,106,33,11341,15428,4875,37215,9651,12411,3740,15266
1416271276.80471,pg_catalog,pg_ts_config,0,0,0,0,0,0,0,0,0,0,0,0,0,0,,,,
1416271276.80471,pg_catalog,pg_extension,0,0,0,0,0,0,0,0,0,0,0,0,0,0,,,,
1416271276.80471,pg_catalog,pg_amop,0,0,312638,436127,0,0,0,0,0,0,20726,415401,35133,640871,,,,
1416271276.80471,pg_catalog,pg_cast,0,0,1002452,275188,0,0,0,0,0,0,8968,266220,11461,1028343,,,,
1416271276.80471,pg_toast,pg_toast_2619,0,0,21489,68140,1319,0,1110,0,229,10,6757,28161,1952,33015,,,,
1416271276.80471,pg_toast,pg_toast_2604,0,0,0,0,0,0,0,0,0,0,0,0,0,0,,,,
1416271336.80439,pg_catalog,pg_auth_members,0,0,0,0,0,0,0,0,0,0,0,0,0,0,,,,
1416271336.80439,pg_catalog,pg_operator,0,0,239401,1026429,0,0,0,0,0,0,60718,678161,45984,490903,,,,
1416271336.80439,pg_catalog,pg_aggregate,0,0,16061,16061,0,0,0,0,0,0,4612,11449,9247,19427,,,,
1416271336.80439,pg_catalog,pg_pltemplate,0,0,0,0,0,0,0,0,0,0,0,0,0,0,,,,
1416271336.80439,pg_toast,pg_toast_12188,0,0,0,0,0,0,0,0,0,0,0,0,0,0,,,,
1416271336.80439,pg_catalog,pg_description,0,0,4003,0,0,0,0,0,0,0,0,0,1484,7388,0,0,0,0
1416271336.80439,pg_catalog,pg_language,0,0,0,0,0,0,0,0,0,0,0,0,0,0,,,,
1416271336.80439,pg_catalog,pg_ts_parser,0,0,0,0,0,0,0,0,0,0,0,0,0,0,,,,
1416271336.80439,pg_catalog,pg_shseclabel,0,0,0,0,0,0,0,0,0,0,0,0,0,0,,,,
1416271336.80439,pg_catalog,pg_foreign_table,0,0,0,0,0,0,0,0,0,0,0,0,0,0,,,,
1416271336.80439,public,customer,6,9000000,0,0,1500000,0,0,0,1500000,0,68533,294857,0,0,,,,
1416271336.80439,information_schema,sql_packages,0,0,,,0,0,0,0,0,0,0,0,,,0,0,0,0
1416271336.80439,information_schema,sql_parts,0,0,,,0,0,0,0,0,0,0,0,,,0,0,0,0
1416271336.80439,pg_catalog,pg_attrdef,0,0,0,0,0,0,0,0,0,0,0,0,0,0,0,0,0,0
1416271336.80439,pg_catalog,pg_ts_template,0,0,0,0,0,0,0,0,0,0,0,0,0,0,,,,
1416271336.80439,pg_catalog,pg_foreign_server,0,0,0,0,0,0,0,0,0,0,0,0,0,0,,,,
1416271336.80439,pg_catalog,pg_default_acl,0,0,3504,0,0,0,0,0,0,0,0,0,413,3091,,,,
1416271336.80439,pg_toast,pg_toast_12198,0,0,0,0,0,0,0,0,0,0,0,0,0,0,,,,
1416271336.80439,pg_toast,pg_toast_12208,0,0,0,0,0,0,0,0,0,0,0,0,0,0,,,,
1416271336.80439,pg_catalog,pg_attribute,3421,22703,984462,1930972,6704,228,6540,192,2411,8,95065,967085,44224,1997933,,,,
1416271336.80439,pg_catalog,pg_statistic,0,0,228083,175121,1532,3674,1485,3241,503,0,39929,146387,20936,470710,6757,28167,1952,33033
1416271336.80439,pg_toast,pg_toast_12203,0,0,0,0,0,0,0,0,0,0,0,0,0,0,,,,
1416271336.80439,pg_toast,pg_toast_2618,0,0,12634,41027,0,0,0,0,0,0,9651,12425,3740,15278,,,,
1416271336.80439,pg_toast,pg_toast_3596,0,0,0,0,0,0,0,0,0,0,0,0,0,0,,,,
1416271336.80439,pg_catalog,pg_depend,0,0,36927,39755,6787,0,6718,0,6273,0,6886,46607,11943,93684,,,,
1416271336.80439,public,region,2,10,0,0,5,0,0,0,5,0,1,3,0,0,,,,
1416271336.80439,information_schema,sql_languages,0,0,,,0,0,0,0,0,0,0,0,,,0,0,0,0
1416271336.80439,pg_catalog,pg_opclass,622,622,195202,2120354,0,0,0,0,0,0,13260,724156,26031,229579,,,,
1416271336.80439,pg_catalog,pg_proc,0,0,419855,617950,0,0,0,0,0,0,72378,409645,69920,860598,0,0,0,0
1416271336.80439,information_schema,sql_implementation_info,0,0,,,0,0,0,0,0,0,0,0,,,0,0,0,0
1416271336.80439,pg_catalog,pg_trigger,0,0,0,0,0,0,0,0,0,0,0,0,0,0,0,0,0,0
1416271336.80439,pg_catalog,pg_am,42342,42342,0,0,0,0,0,0,0,0,7779,34563,0,0,,,,
1416271336.80439,pg_catalog,pg_largeobject_metadata,0,0,0,0,0,0,0,0,0,0,0,0,0,0,,,,
1416271336.80439,pg_catalog,pg_ts_config_map,0,0,0,0,0,0,0,0,0,0,0,0,0,0,,,,
1416271336.80439,pg_catalog,pg_type,0,0,806652,800351,1728,0,1709,0,349,57,23775,784269,29799,1616040,,,,
1416271336.80439,pg_catalog,pg_shdepend,0,0,4909,905,0,0,0,0,0,0,420,485,1854,4799,,,,
1416271336.80439,information_schema,sql_sizing,0,0,,,0,0,0,0,0,0,0,0,,,0,0,0,0
1416271336.80439,public,supplier,4,400000,0,0,100000,0,0,0,100000,0,2312,15648,0,0,,,,
1416271336.80439,public,lineitem,0,0,,,0,0,0,0,0,0,0,0,,,,,,
1416271336.80439,pg_catalog,pg_conversion,0,0,0,0,0,0,0,0,0,0,0,0,0,0,,,,
1416271336.80439,pg_catalog,pg_foreign_data_wrapper,0,0,0,0,0,0,0,0,0,0,0,0,0,0,,,,
1416271336.80439,public,part,6,12000000,0,0,2000000,0,0,0,2000000,0,79007,327715,0,0,,,,
1416271336.80439,pg_catalog,pg_opfamily,0,0,0,0,0,0,0,0,0,0,0,0,0,0,,,,
1416271336.80439,pg_catalog,pg_shdescription,0,0,0,0,0,0,0,0,0,0,0,0,0,0,0,0,0,0
1416271336.80439,pg_catalog,pg_tablespace,2,4,30897,30897,0,0,0,0,0,0,6167,24732,12368,49426,,,,
1416271336.80439,pg_catalog,pg_inherits,0,0,866,0,0,0,0,0,0,0,0,0,430,436,,,,
1416271336.80439,pg_toast,pg_toast_2606,0,0,0,0,0,0,0,0,0,0,0,0,0,0,,,,
1416271336.80439,public,time_statistics,0,0,,,1,0,0,0,1,0,1,0,,,,,,
1416271336.80439,pg_toast,pg_toast_2964,0,0,0,0,0,0,0,0,0,0,0,0,0,0,,,,
1416271336.80439,pg_catalog,pg_database,9349,36880,181530,181528,1,0,0,0,1,0,8150,182728,36727,233963,,,,
1416271336.80439,pg_toast,pg_toast_2620,0,0,0,0,0,0,0,0,0,0,0,0,0,0,,,,
1416271336.80439,pg_toast,pg_toast_12213,0,0,0,0,0,0,0,0,0,0,0,0,0,0,,,,
1416271336.80439,pg_catalog,pg_amproc,622,1244,151574,225287,0,0,0,0,0,0,9783,139938,26594,318057,,,,
1416271336.80439,pg_catalog,pg_collation,0,0,0,0,0,0,0,0,0,0,0,0,0,0,,,,
1416271336.80439,pg_catalog,pg_constraint,0,0,359,176,183,0,176,0,9,8,103,1018,186,1825,0,0,0,0
1416271336.80439,pg_catalog,pg_range,0,0,5860,0,0,0,0,0,0,0,0,0,7096,4624,,,,
1416271336.80439,pg_catalog,pg_user_mapping,0,0,0,0,0,0,0,0,0,0,0,0,0,0,,,,
1416271336.80439,pg_catalog,pg_largeobject,0,0,0,0,0,0,0,0,0,0,0,0,0,0,,,,
1416271336.80439,pg_catalog,pg_namespace,6663,181732,503130,464753,28,0,0,0,28,0,6762,464725,17585,529772,,,,
1416271336.80439,pg_catalog,pg_authid,3298,3298,77223,77223,0,0,0,0,0,0,6968,73553,25898,128548,,,,
1416271336.80439,pg_toast,pg_toast_12193,0,0,0,0,0,0,0,0,0,0,0,0,0,0,,,,
1416271336.80439,pg_catalog,pg_index,14744,1727090,337898,481165,839,0,819,0,130,43,29717,476607,28300,379792,,,,
1416271336.80439,pg_catalog,pg_ts_dict,0,0,0,0,0,0,0,0,0,0,0,0,0,0,,,,
1416271336.80439,information_schema,sql_features,0,0,,,0,0,0,0,0,0,0,0,,,0,0,0,0
1416271336.80439,pg_catalog,pg_class,37852,9394202,1478252,1429097,1715,433,1685,417,318,84,72985,1725444,60624,2966168,,,,
1416271336.80439,pg_toast,pg_toast_12183,0,0,0,0,0,0,0,0,0,0,0,0,0,0,,,,
1416271336.80439,information_schema,sql_sizing_profiles,0,0,,,0,0,0,0,0,0,0,0,,,0,0,0,0
1416271336.80439,pg_toast,pg_toast_2396,0,0,0,0,0,0,0,0,0,0,0,0,0,0,,,,
1416271336.80439,pg_catalog,pg_enum,0,0,0,0,0,0,0,0,0,0,0,0,0,0,,,,
1416271336.80439,pg_catalog,pg_db_role_setting,0,0,133866,0,0,0,0,0,0,0,0,0,7991,125875,0,0,0,0
1416271336.80439,public,orders,4,60000000,0,0,15000000,0,0,0,15000000,0,504554,1558780,0,0,,,,
1416271336.80439,pg_catalog,pg_seclabel,0,0,4003,0,0,0,0,0,0,0,0,0,458,3545,0,0,0,0
1416271336.80439,public,nation,2,50,0,0,25,0,0,0,25,0,1,3,0,0,,,,
1416271336.80439,public,partsupp,3,24000000,0,0,8000000,0,0,0,8000000,0,340611,954509,0,0,,,,
1416271336.80439,pg_toast,pg_toast_2609,0,0,0,0,0,0,0,0,0,0,0,0,0,0,,,,
1416271336.80439,pg_toast,pg_toast_1255,0,0,0,0,0,0,0,0,0,0,0,0,0,0,,,,
1416271336.80439,pg_catalog,pg_rewrite,0,0,24608,23309,433,0,433,0,106,33,11341,15443,4875,37241,9651,12425,3740,15278
1416271336.80439,pg_catalog,pg_ts_config,0,0,0,0,0,0,0,0,0,0,0,0,0,0,,,,
1416271336.80439,pg_catalog,pg_extension,0,0,0,0,0,0,0,0,0,0,0,0,0,0,,,,
1416271336.80439,pg_catalog,pg_amop,0,0,312710,436217,0,0,0,0,0,0,20726,415491,35133,641033,,,,
1416271336.80439,pg_catalog,pg_cast,0,0,1002595,275249,0,0,0,0,0,0,8968,266281,11461,1028497,,,,
1416271336.80439,pg_toast,pg_toast_2619,0,0,21495,68152,1319,0,1110,0,229,10,6757,28167,1952,33033,,,,
1416271336.80439,pg_toast,pg_toast_2604,0,0,0,0,0,0,0,0,0,0,0,0,0,0,,,,
1416271396.80961,pg_catalog,pg_auth_members,0,0,0,0,0,0,0,0,0,0,0,0,0,0,,,,
1416271396.80961,pg_catalog,pg_operator,0,0,239434,1026462,0,0,0,0,0,0,60718,678194,45984,490984,,,,
1416271396.80961,pg_catalog,pg_aggregate,0,0,16063,16063,0,0,0,0,0,0,4612,11451,9247,19431,,,,
1416271396.80961,pg_catalog,pg_pltemplate,0,0,0,0,0,0,0,0,0,0,0,0,0,0,,,,
1416271396.80961,pg_toast,pg_toast_12188,0,0,0,0,0,0,0,0,0,0,0,0,0,0,,,,
1416271396.80961,pg_catalog,pg_description,0,0,4003,0,0,0,0,0,0,0,0,0,1484,7388,0,0,0,0
1416271396.80961,pg_catalog,pg_language,0,0,0,0,0,0,0,0,0,0,0,0,0,0,,,,
1416271396.80961,pg_catalog,pg_ts_parser,0,0,0,0,0,0,0,0,0,0,0,0,0,0,,,,
1416271396.80961,pg_catalog,pg_shseclabel,0,0,0,0,0,0,0,0,0,0,0,0,0,0,,,,
1416271396.80961,pg_catalog,pg_foreign_table,0,0,0,0,0,0,0,0,0,0,0,0,0,0,,,,
1416271396.80961,public,customer,6,9000000,0,0,1500000,0,0,0,1500000,0,68533,294857,0,0,,,,
1416271396.80961,information_schema,sql_packages,0,0,,,0,0,0,0,0,0,0,0,,,0,0,0,0
1416271396.80961,information_schema,sql_parts,0,0,,,0,0,0,0,0,0,0,0,,,0,0,0,0
1416271396.80961,pg_catalog,pg_attrdef,0,0,0,0,0,0,0,0,0,0,0,0,0,0,0,0,0,0
1416271396.80961,pg_catalog,pg_ts_template,0,0,0,0,0,0,0,0,0,0,0,0,0,0,,,,
1416271396.80961,pg_catalog,pg_foreign_server,0,0,0,0,0,0,0,0,0,0,0,0,0,0,,,,
1416271396.80961,pg_catalog,pg_default_acl,0,0,3504,0,0,0,0,0,0,0,0,0,413,3091,,,,
1416271396.80961,pg_toast,pg_toast_12198,0,0,0,0,0,0,0,0,0,0,0,0,0,0,,,,
1416271396.80961,pg_toast,pg_toast_12208,0,0,0,0,0,0,0,0,0,0,0,0,0,0,,,,
1416271396.80961,pg_catalog,pg_attribute,3421,22703,984837,1931605,6704,228,6540,192,2411,8,95065,967462,44224,1998699,,,,
1416271396.80961,pg_catalog,pg_statistic,0,0,228129,175157,1532,3674,1485,3241,503,0,39929,146423,20936,470811,6757,28173,1952,33051
1416271396.80961,pg_toast,pg_toast_12203,0,0,0,0,0,0,0,0,0,0,0,0,0,0,,,,
1416271396.80961,pg_toast,pg_toast_2618,0,0,12642,41053,0,0,0,0,0,0,9651,12439,3740,15290,,,,
1416271396.80961,pg_toast,pg_toast_3596,0,0,0,0,0,0,0,0,0,0,0,0,0,0,,,,
1416271396.80961,pg_catalog,pg_depend,0,0,36927,39755,6787,0,6718,0,6273,0,6886,46607,11943,93684,,,,
1416271396.80961,public,region,2,10,0,0,5,0,0,0,5,0,1,3,0,0,,,,
1416271396.80961,information_schema,sql_languages,0,0,,,0,0,0,0,0,0,0,0,,,0,0,0,0
1416271396.80961,pg_catalog,pg_opclass,622,622,195240,2120704,0,0,0,0,0,0,13260,724272,26031,229639,,,,
1416271396.80961,pg_catalog,pg_proc,0,0,420001,618159,0,0,0,0,0,0,72378,409818,69920,860917,0,0,0,0
1416271396.80961,information_schema,sql_implementation_info,0,0,,,0,0,0,0,0,0,0,0,,,0,0,0,0
1416271396.80961,pg_catalog,pg_trigger,0,0,0,0,0,0,0,0,0,0,0,0,0,0,0,0,0,0
1416271396.80961,pg_catalog,pg_am,42358,42358,0,0,0,0,0,0,0,0,7779,34579,0,0,,,,
1416271396.80961,pg_catalog,pg_largeobject_metadata,0,0,0,0,0,0,0,0,0,0,0,0,0,0,,,,
1416271396.80961,pg_catalog,pg_ts_config_map,0,0,0,0,0,0,0,0,0,0,0,0,0,0,,,,
1416271396.80961,pg_catalog,pg_type,0,0,806822,800521,1728,0,1709,0,349,57,23775,784439,29799,1616390,,,,
1416271396.80961,pg_catalog,pg_shdepend,0,0,4909,905,0,0,0,0,0,0,420,485,1854,4799,,,,
1416271396.80961,information_schema,sql_sizing,0,0,,,0,0,0,0,0,0,0,0,,,0,0,0,0
1416271396.80961,public,supplier,4,400000,0,0,100000,0,0,0,100000,0,2312,15648,0,0,,,,
1416271396.80961,public,lineitem,0,0,,,59986052,0,0,0,59986052,0,1065680,2307885,,,,,,
1416271396.80961,pg_catalog,pg_conversion,0,0,0,0,0,0,0,0,0,0,0,0,0,0,,,,
1416271396.80961,pg_catalog,pg_foreign_data_wrapper,0,0,0,0,0,0,0,0,0,0,0,0,0,0,,,,
1416271396.80961,public,part,6,12000000,0,0,2000000,0,0,0,2000000,0,79007,327715,0,0,,,,
1416271396.80961,pg_catalog,pg_opfamily,0,0,0,0,0,0,0,0,0,0,0,0,0,0,,,,
1416271396.80961,pg_catalog,pg_shdescription,0,0,0,0,0,0,0,0,0,0,0,0,0,0,0,0,0,0
1416271396.80961,pg_catalog,pg_tablespace,2,4,30906,30906,0,0,0,0,0,0,6167,24741,12368,49444,,,,
1416271396.80961,pg_catalog,pg_inherits,0,0,866,0,0,0,0,0,0,0,0,0,430,436,,,,
1416271396.80961,pg_toast,pg_toast_2606,0,0,0,0,0,0,0,0,0,0,0,0,0,0,,,,
1416271396.80961,public,time_statistics,0,0,,,1,0,0,0,1,0,1,0,,,,,,
1416271396.80961,pg_toast,pg_toast_2964,0,0,0,0,0,0,0,0,0,0,0,0,0,0,,,,
1416271396.80961,pg_catalog,pg_database,9353,36896,181589,181587,1,0,0,0,1,0,8150,182791,36727,234056,,,,
1416271396.80961,pg_toast,pg_toast_2620,0,0,0,0,0,0,0,0,0,0,0,0,0,0,,,,
1416271396.80961,pg_toast,pg_toast_12213,0,0,0,0,0,0,0,0,0,0,0,0,0,0,,,,
1416271396.80961,pg_catalog,pg_amproc,622,1244,151609,225344,0,0,0,0,0,0,9783,139973,26594,318143,,,,
1416271396.80961,pg_catalog,pg_collation,0,0,0,0,0,0,0,0,0,0,0,0,0,0,,,,
1416271396.80961,pg_catalog,pg_constraint,0,0,359,176,183,0,176,0,9,8,103,1018,186,1825,0,0,0,0
1416271396.80961,pg_catalog,pg_range,0,0,5860,0,0,0,0,0,0,0,0,0,7096,4624,,,,
1416271396.80961,pg_catalog,pg_user_mapping,0,0,0,0,0,0,0,0,0,0,0,0,0,0,,,,
1416271396.80961,pg_catalog,pg_largeobject,0,0,0,0,0,0,0,0,0,0,0,0,0,0,,,,
1416271396.80961,pg_catalog,pg_namespace,6667,181868,503420,465033,28,0,0,0,28,0,6762,465009,17585,530075,,,,
1416271396.80961,pg_catalog,pg_authid,3299,3299,77253,77253,0,0,0,0,0,0,6968,73584,25898,128608,,,,
1416271396.80961,pg_toast,pg_toast_12193,0,0,0,0,0,0,0,0,0,0,0,0,0,0,,,,
1416271396.80961,pg_catalog,pg_index,14752,1728130,337967,481252,839,0,819,0,130,43,29717,476716,28300,379886,,,,
1416271396.80961,pg_catalog,pg_ts_dict,0,0,0,0,0,0,0,0,0,0,0,0,0,0,,,,
1416271396.80961,information_schema,sql_features,0,0,,,0,0,0,0,0,0,0,0,,,0,0,0,0
1416271396.80961,pg_catalog,pg_class,37870,9399373,1478897,1429741,1715,433,1685,417,318,84,72985,1726270,60624,2967486,,,,
1416271396.80961,pg_toast,pg_toast_12183,0,0,0,0,0,0,0,0,0,0,0,0,0,0,,,,
1416271396.80961,information_schema,sql_sizing_profiles,0,0,,,0,0,0,0,0,0,0,0,,,0,0,0,0
1416271396.80961,pg_toast,pg_toast_2396,0,0,0,0,0,0,0,0,0,0,0,0,0,0,,,,
1416271396.80961,pg_catalog,pg_enum,0,0,0,0,0,0,0,0,0,0,0,0,0,0,,,,
1416271396.80961,pg_catalog,pg_db_role_setting,0,0,133917,0,0,0,0,0,0,0,0,0,7991,125926,0,0,0,0
1416271396.80961,public,orders,4,60000000,0,0,15000000,0,0,0,15000000,0,504554,1558780,0,0,,,,
1416271396.80961,pg_catalog,pg_seclabel,0,0,4003,0,0,0,0,0,0,0,0,0,458,3545,0,0,0,0
1416271396.80961,public,nation,2,50,0,0,25,0,0,0,25,0,1,3,0,0,,,,
1416271396.80961,public,partsupp,3,24000000,0,0,8000000,0,0,0,8000000,0,340611,954509,0,0,,,,
1416271396.80961,pg_toast,pg_toast_2609,0,0,0,0,0,0,0,0,0,0,0,0,0,0,,,,
1416271396.80961,pg_toast,pg_toast_1255,0,0,0,0,0,0,0,0,0,0,0,0,0,0,,,,
1416271396.80961,pg_catalog,pg_rewrite,0,0,24621,23322,433,0,433,0,106,33,11341,15456,4875,37263,9651,12439,3740,15290
1416271396.80961,pg_catalog,pg_ts_config,0,0,0,0,0,0,0,0,0,0,0,0,0,0,,,,
1416271396.80961,pg_catalog,pg_extension,0,0,0,0,0,0,0,0,0,0,0,0,0,0,,,,
1416271396.80961,pg_catalog,pg_amop,0,0,312770,436291,0,0,0,0,0,0,20726,415565,35133,641167,,,,
1416271396.80961,pg_catalog,pg_cast,0,0,1002724,275300,0,0,0,0,0,0,8968,266332,11461,1028635,,,,
1416271396.80961,pg_toast,pg_toast_2619,0,0,21501,68164,1319,0,1110,0,229,10,6757,28173,1952,33051,,,,
1416271396.80961,pg_toast,pg_toast_2604,0,0,0,0,0,0,0,0,0,0,0,0,0,0,,,,
1416271456.81104,pg_catalog,pg_auth_members,0,0,0,0,0,0,0,0,0,0,0,0,0,0,,,,
1416271456.81104,pg_catalog,pg_operator,0,0,239468,1026496,0,0,0,0,0,0,60718,678228,45984,491068,,,,
1416271456.81104,pg_catalog,pg_aggregate,0,0,16065,16065,0,0,0,0,0,0,4612,11453,9247,19435,,,,
1416271456.81104,pg_catalog,pg_pltemplate,0,0,0,0,0,0,0,0,0,0,0,0,0,0,,,,
1416271456.81104,pg_toast,pg_toast_12188,0,0,0,0,0,0,0,0,0,0,0,0,0,0,,,,
1416271456.81104,pg_catalog,pg_description,0,0,4003,0,0,0,0,0,0,0,0,0,1484,7388,0,0,0,0
1416271456.81104,pg_catalog,pg_language,0,0,0,0,0,0,0,0,0,0,0,0,0,0,,,,
1416271456.81104,pg_catalog,pg_ts_parser,0,0,0,0,0,0,0,0,0,0,0,0,0,0,,,,
1416271456.81104,pg_catalog,pg_shseclabel,0,0,0,0,0,0,0,0,0,0,0,0,0,0,,,,
1416271456.81104,pg_catalog,pg_foreign_table,0,0,0,0,0,0,0,0,0,0,0,0,0,0,,,,
1416271456.81104,public,customer,6,9000000,0,0,1500000,0,0,0,1500000,0,68533,294857,0,0,,,,
1416271456.81104,information_schema,sql_packages,0,0,,,0,0,0,0,0,0,0,0,,,0,0,0,0
1416271456.81104,information_schema,sql_parts,0,0,,,0,0,0,0,0,0,0,0,,,0,0,0,0
1416271456.81104,pg_catalog,pg_attrdef,0,0,0,0,0,0,0,0,0,0,0,0,0,0,0,0,0,0
1416271456.81104,pg_catalog,pg_ts_template,0,0,0,0,0,0,0,0,0,0,0,0,0,0,,,,
1416271456.81104,pg_catalog,pg_foreign_server,0,0,0,0,0,0,0,0,0,0,0,0,0,0,,,,
1416271456.81104,pg_catalog,pg_default_acl,0,0,3504,0,0,0,0,0,0,0,0,0,413,3091,,,,
1416271456.81104,pg_toast,pg_toast_12198,0,0,0,0,0,0,0,0,0,0,0,0,0,0,,,,
1416271456.81104,pg_toast,pg_toast_12208,0,0,0,0,0,0,0,0,0,0,0,0,0,0,,,,
1416271456.81104,pg_catalog,pg_attribute,3421,22703,985219,1932233,6704,228,6540,192,2411,8,95065,967846,44224,1999475,,,,
1416271456.81104,pg_catalog,pg_statistic,0,0,228179,175195,1532,3674,1485,3241,503,0,39929,146461,20936,470921,6757,28179,1952,33069
1416271456.81104,pg_toast,pg_toast_12203,0,0,0,0,0,0,0,0,0,0,0,0,0,0,,,,
1416271456.81104,pg_toast,pg_toast_2618,0,0,12650,41079,0,0,0,0,0,0,9651,12453,3740,15302,,,,
1416271456.81104,pg_toast,pg_toast_3596,0,0,0,0,0,0,0,0,0,0,0,0,0,0,,,,
1416271456.81104,pg_catalog,pg_depend,0,0,36927,39755,6787,0,6718,0,6273,0,6886,46607,11943,93684,,,,
1416271456.81104,public,region,2,10,0,0,5,0,0,0,5,0,1,3,0,0,,,,
1416271456.81104,information_schema,sql_languages,0,0,,,0,0,0,0,0,0,0,0,,,0,0,0,0
1416271456.81104,pg_catalog,pg_opclass,622,622,195274,2121050,0,0,0,0,0,0,13260,724384,26031,229691,,,,
1416271456.81104,pg_catalog,pg_proc,0,0,420153,618381,0,0,0,0,0,0,72378,410000,69920,861251,0,0,0,0
1416271456.81104,information_schema,sql_implementation_info,0,0,,,0,0,0,0,0,0,0,0,,,0,0,0,0
1416271456.81104,pg_catalog,pg_trigger,0,0,0,0,0,0,0,0,0,0,0,0,0,0,0,0,0,0
1416271456.81104,pg_catalog,pg_am,42370,42370,0,0,0,0,0,0,0,0,7779,34591,0,0,,,,
1416271456.81104,pg_catalog,pg_largeobject_metadata,0,0,0,0,0,0,0,0,0,0,0,0,0,0,,,,
1416271456.81104,pg_catalog,pg_ts_config_map,0,0,0,0,0,0,0,0,0,0,0,0,0,0,,,,
1416271456.81104,pg_catalog,pg_type,0,0,807002,800701,1728,0,1709,0,349,57,23775,784619,29799,1616760,,,,
1416271456.81104,pg_catalog,pg_shdepend,0,0,4909,905,0,0,0,0,0,0,420,485,1854,4799,,,,
1416271456.81104,information_schema,sql_sizing,0,0,,,0,0,0,0,0,0,0,0,,,0,0,0,0
1416271456.81104,public,supplier,4,400000,0,0,100000,0,0,0,100000,0,2312,15648,0,0,,,,
1416271456.81104,public,lineitem,0,0,,,59986052,0,0,0,59986052,0,1065680,2307885,,,,,,
1416271456.81104,pg_catalog,pg_conversion,0,0,0,0,0,0,0,0,0,0,0,0,0,0,,,,
1416271456.81104,pg_catalog,pg_foreign_data_wrapper,0,0,0,0,0,0,0,0,0,0,0,0,0,0,,,,
1416271456.81104,public,part,6,12000000,0,0,2000000,0,0,0,2000000,0,79007,327715,0,0,,,,
1416271456.81104,pg_catalog,pg_opfamily,0,0,0,0,0,0,0,0,0,0,0,0,0,0,,,,
1416271456.81104,pg_catalog,pg_shdescription,0,0,0,0,0,0,0,0,0,0,0,0,0,0,0,0,0,0
1416271456.81104,pg_catalog,pg_tablespace,2,4,30916,30916,0,0,0,0,0,0,6167,24751,12368,49464,,,,
1416271456.81104,pg_catalog,pg_inherits,0,0,866,0,0,0,0,0,0,0,0,0,430,436,,,,
1416271456.81104,pg_toast,pg_toast_2606,0,0,0,0,0,0,0,0,0,0,0,0,0,0,,,,
1416271456.81104,public,time_statistics,0,0,,,1,0,0,0,1,0,1,0,,,,,,
1416271456.81104,pg_toast,pg_toast_2964,0,0,0,0,0,0,0,0,0,0,0,0,0,0,,,,
1416271456.81104,pg_catalog,pg_database,9357,36912,181655,181653,1,0,0,0,1,0,8150,182861,36727,234148,,,,
1416271456.81104,pg_toast,pg_toast_2620,0,0,0,0,0,0,0,0,0,0,0,0,0,0,,,,
1416271456.81104,pg_toast,pg_toast_12213,0,0,0,0,0,0,0,0,0,0,0,0,0,0,,,,
1416271456.81104,pg_catalog,pg_amproc,622,1244,151641,225394,0,0,0,0,0,0,9783,140005,26594,318219,,,,
1416271456.81104,pg_catalog,pg_collation,0,0,0,0,0,0,0,0,0,0,0,0,0,0,,,,
1416271456.81104,pg_catalog,pg_constraint,0,0,359,176,183,0,176,0,9,8,103,1018,186,1825,0,0,0,0
1416271456.81104,pg_catalog,pg_range,0,0,5860,0,0,0,0,0,0,0,0,0,7096,4624,,,,
1416271456.81104,pg_catalog,pg_user_mapping,0,0,0,0,0,0,0,0,0,0,0,0,0,0,,,,
1416271456.81104,pg_catalog,pg_largeobject,0,0,0,0,0,0,0,0,0,0,0,0,0,0,,,,
1416271456.81104,pg_catalog,pg_namespace,6671,182004,503711,465314,28,0,0,0,28,0,6762,465294,17585,530379,,,,
1416271456.81104,pg_catalog,pg_authid,3301,3301,77275,77275,0,0,0,0,0,0,6968,73608,25898,128652,,,,
1416271456.81104,pg_toast,pg_toast_12193,0,0,0,0,0,0,0,0,0,0,0,0,0,0,,,,
1416271456.81104,pg_catalog,pg_index,14760,1729170,338035,481340,839,0,819,0,130,43,29717,476824,28300,379976,,,,
1416271456.81104,pg_catalog,pg_ts_dict,0,0,0,0,0,0,0,0,0,0,0,0,0,0,,,,
1416271456.81104,information_schema,sql_features,0,0,,,0,0,0,0,0,0,0,0,,,0,0,0,0
1416271456.81104,pg_catalog,pg_class,37888,9404544,1479536,1430380,1715,433,1685,417,318,84,72985,1727091,60624,2968788,,,,
1416271456.81104,pg_toast,pg_toast_12183,0,0,0,0,0,0,0,0,0,0,0,0,0,0,,,,
1416271456.81104,information_schema,sql_sizing_profiles,0,0,,,0,0,0,0,0,0,0,0,,,0,0,0,0
1416271456.81104,pg_toast,pg_toast_2396,0,0,0,0,0,0,0,0,0,0,0,0,0,0,,,,
1416271456.81104,pg_catalog,pg_enum,0,0,0,0,0,0,0,0,0,0,0,0,0,0,,,,
1416271456.81104,pg_catalog,pg_db_role_setting,0,0,133956,0,0,0,0,0,0,0,0,0,7991,125965,0,0,0,0
1416271456.81104,public,orders,4,60000000,0,0,15000000,0,0,0,15000000,0,504554,1558780,0,0,,,,
1416271456.81104,pg_catalog,pg_seclabel,0,0,4003,0,0,0,0,0,0,0,0,0,458,3545,0,0,0,0
1416271456.81104,public,nation,2,50,0,0,25,0,0,0,25,0,1,3,0,0,,,,
1416271456.81104,public,partsupp,3,24000000,0,0,8000000,0,0,0,8000000,0,340611,954509,0,0,,,,
1416271456.81104,pg_toast,pg_toast_2609,0,0,0,0,0,0,0,0,0,0,0,0,0,0,,,,
1416271456.81104,pg_toast,pg_toast_1255,0,0,0,0,0,0,0,0,0,0,0,0,0,0,,,,
1416271456.81104,pg_catalog,pg_rewrite,0,0,24635,23336,433,0,433,0,106,33,11341,15470,4875,37287,9651,12453,3740,15302
1416271456.81104,pg_catalog,pg_ts_config,0,0,0,0,0,0,0,0,0,0,0,0,0,0,,,,
1416271456.81104,pg_catalog,pg_extension,0,0,0,0,0,0,0,0,0,0,0,0,0,0,,,,
1416271456.81104,pg_catalog,pg_amop,0,0,312836,436373,0,0,0,0,0,0,20726,415647,35133,641315,,,,
1416271456.81104,pg_catalog,pg_cast,0,0,1002860,275356,0,0,0,0,0,0,8968,266388,11461,1028781,,,,
1416271456.81104,pg_toast,pg_toast_2619,0,0,21507,68176,1319,0,1110,0,229,10,6757,28179,1952,33069,,,,
1416271456.81104,pg_toast,pg_toast_2604,0,0,0,0,0,0,0,0,0,0,0,0,0,0,,,,
1416271516.81264,pg_catalog,pg_auth_members,0,0,0,0,0,0,0,0,0,0,0,0,0,0,,,,
1416271516.81264,pg_catalog,pg_operator,0,0,239506,1026534,0,0,0,0,0,0,60718,678266,45985,491163,,,,
1416271516.81264,pg_catalog,pg_aggregate,0,0,16067,16067,0,0,0,0,0,0,4612,11455,9247,19439,,,,
1416271516.81264,pg_catalog,pg_pltemplate,0,0,0,0,0,0,0,0,0,0,0,0,0,0,,,,
1416271516.81264,pg_toast,pg_toast_12188,0,0,0,0,0,0,0,0,0,0,0,0,0,0,,,,
1416271516.81264,pg_catalog,pg_description,0,0,4003,0,0,0,0,0,0,0,0,0,1484,7388,0,0,0,0
1416271516.81264,pg_catalog,pg_language,0,0,0,0,0,0,0,0,0,0,0,0,0,0,,,,
1416271516.81264,pg_catalog,pg_ts_parser,0,0,0,0,0,0,0,0,0,0,0,0,0,0,,,,
1416271516.81264,pg_catalog,pg_shseclabel,0,0,0,0,0,0,0,0,0,0,0,0,0,0,,,,
1416271516.81264,pg_catalog,pg_foreign_table,0,0,0,0,0,0,0,0,0,0,0,0,0,0,,,,
1416271516.81264,public,customer,6,9000000,0,0,1500000,0,0,0,1500000,0,68533,294857,0,0,,,,
1416271516.81264,information_schema,sql_packages,0,0,,,0,0,0,0,0,0,0,0,,,0,0,0,0
1416271516.81264,information_schema,sql_parts,0,0,,,0,0,0,0,0,0,0,0,,,0,0,0,0
1416271516.81264,pg_catalog,pg_attrdef,0,0,0,0,0,0,0,0,0,0,0,0,0,0,0,0,0,0
1416271516.81264,pg_catalog,pg_ts_template,0,0,0,0,0,0,0,0,0,0,0,0,0,0,,,,
1416271516.81264,pg_catalog,pg_foreign_server,0,0,0,0,0,0,0,0,0,0,0,0,0,0,,,,
1416271516.81264,pg_catalog,pg_default_acl,0,0,3504,0,0,0,0,0,0,0,0,0,413,3091,,,,
1416271516.81264,pg_toast,pg_toast_12198,0,0,0,0,0,0,0,0,0,0,0,0,0,0,,,,
1416271516.81264,pg_toast,pg_toast_12208,0,0,0,0,0,0,0,0,0,0,0,0,0,0,,,,
1416271516.81264,pg_catalog,pg_attribute,3421,22703,985640,1933070,6708,230,6540,194,2415,10,95065,968284,44224,2000349,,,,
1416271516.81264,pg_catalog,pg_statistic,0,0,228229,175233,1532,3674,1485,3241,503,0,39929,146499,20936,471031,6757,28185,1952,33087
1416271516.81264,pg_toast,pg_toast_12203,0,0,0,0,0,0,0,0,0,0,0,0,0,0,,,,
1416271516.81264,pg_toast,pg_toast_2618,0,0,12658,41105,0,0,0,0,0,0,9651,12467,3740,15314,,,,
1416271516.81264,pg_toast,pg_toast_3596,0,0,0,0,0,0,0,0,0,0,0,0,0,0,,,,
1416271516.81264,pg_catalog,pg_depend,0,0,36943,39770,6796,0,6718,0,6282,0,6886,46640,11943,93758,,,,
1416271516.81264,public,region,2,10,0,0,5,0,0,0,5,0,1,3,0,0,,,,
1416271516.81264,information_schema,sql_languages,0,0,,,0,0,0,0,0,0,0,0,,,0,0,0,0
1416271516.81264,pg_catalog,pg_opclass,622,622,195320,2121568,0,0,0,0,0,0,13260,724540,26031,229759,,,,
1416271516.81264,pg_catalog,pg_proc,0,0,420307,618605,0,0,0,0,0,0,72379,410183,69920,861591,0,0,0,0
1416271516.81264,information_schema,sql_implementation_info,0,0,,,0,0,0,0,0,0,0,0,,,0,0,0,0
1416271516.81264,pg_catalog,pg_trigger,0,0,0,0,0,0,0,0,0,0,0,0,0,0,0,0,0,0
1416271516.81264,pg_catalog,pg_am,42386,42386,0,0,0,0,0,0,0,0,7779,34607,0,0,,,,
1416271516.81264,pg_catalog,pg_largeobject_metadata,0,0,0,0,0,0,0,0,0,0,0,0,0,0,,,,
1416271516.81264,pg_catalog,pg_ts_config_map,0,0,0,0,0,0,0,0,0,0,0,0,0,0,,,,
1416271516.81264,pg_catalog,pg_type,0,0,807188,800887,1728,0,1709,0,349,57,23775,784805,29799,1617145,,,,
1416271516.81264,pg_catalog,pg_shdepend,0,0,4909,905,0,0,0,0,0,0,420,485,1854,4799,,,,
1416271516.81264,information_schema,sql_sizing,0,0,,,0,0,0,0,0,0,0,0,,,0,0,0,0
1416271516.81264,public,supplier,4,400000,0,0,100000,0,0,0,100000,0,2312,15648,0,0,,,,
1416271516.81264,public,lineitem,4,239944208,0,0,59986052,0,0,0,59986052,0,5269170,2366063,0,0,,,,
1416271516.81264,pg_catalog,pg_conversion,0,0,0,0,0,0,0,0,0,0,0,0,0,0,,,,
1416271516.81264,pg_catalog,pg_foreign_data_wrapper,0,0,0,0,0,0,0,0,0,0,0,0,0,0,,,,
1416271516.81264,public,part,6,12000000,0,0,2000000,0,0,0,2000000,0,79007,327715,0,0,,,,
1416271516.81264,pg_catalog,pg_opfamily,0,0,0,0,0,0,0,0,0,0,0,0,0,0,,,,
1416271516.81264,pg_catalog,pg_shdescription,0,0,0,0,0,0,0,0,0,0,0,0,0,0,0,0,0,0
1416271516.81264,pg_catalog,pg_tablespace,2,4,30926,30926,0,0,0,0,0,0,6167,24761,12368,49484,,,,
1416271516.81264,pg_catalog,pg_inherits,0,0,866,0,0,0,0,0,0,0,0,0,430,436,,,,
1416271516.81264,pg_toast,pg_toast_2606,0,0,0,0,0,0,0,0,0,0,0,0,0,0,,,,
1416271516.81264,public,time_statistics,0,0,,,1,0,0,0,1,0,1,0,,,,,,
1416271516.81264,pg_toast,pg_toast_2964,0,0,0,0,0,0,0,0,0,0,0,0,0,0,,,,
1416271516.81264,pg_catalog,pg_database,9361,36928,181722,181720,1,0,0,0,1,0,8150,182932,36727,234243,,,,
1416271516.81264,pg_toast,pg_toast_2620,0,0,0,0,0,0,0,0,0,0,0,0,0,0,,,,
1416271516.81264,pg_toast,pg_toast_12213,0,0,0,0,0,0,0,0,0,0,0,0,0,0,,,,
1416271516.81264,pg_catalog,pg_amproc,622,1244,151678,225454,0,0,0,0,0,0,9783,140042,26594,318306,,,,
1416271516.81264,pg_catalog,pg_collation,0,0,0,0,0,0,0,0,0,0,0,0,0,0,,,,
1416271516.81264,pg_catalog,pg_constraint,0,0,360,176,184,0,176,0,10,8,103,1022,186,1834,0,0,0,0
1416271516.81264,pg_catalog,pg_range,0,0,5860,0,0,0,0,0,0,0,0,0,7096,4624,,,,
1416271516.81264,pg_catalog,pg_user_mapping,0,0,0,0,0,0,0,0,0,0,0,0,0,0,,,,
1416271516.81264,pg_catalog,pg_largeobject,0,0,0,0,0,0,0,0,0,0,0,0,0,0,,,,
1416271516.81264,pg_catalog,pg_namespace,6675,182140,504008,465598,28,0,0,0,28,0,6762,465582,17585,530692,,,,
1416271516.81264,pg_catalog,pg_authid,3303,3303,77299,77299,0,0,0,0,0,0,6968,73634,25898,128700,,,,
1416271516.81264,pg_toast,pg_toast_12193,0,0,0,0,0,0,0,0,0,0,0,0,0,0,,,,
1416271516.81264,pg_catalog,pg_index,14768,1730210,338133,481472,842,0,819,0,133,43,29717,476973,28300,380106,,,,
1416271516.81264,pg_catalog,pg_ts_dict,0,0,0,0,0,0,0,0,0,0,0,0,0,0,,,,
1416271516.81264,information_schema,sql_features,0,0,,,0,0,0,0,0,0,0,0,,,0,0,0,0
1416271516.81264,pg_catalog,pg_class,37906,9409717,1480229,1431064,1718,433,1685,417,321,84,72985,1727976,60624,2970214,,,,
1416271516.81264,pg_toast,pg_toast_12183,0,0,0,0,0,0,0,0,0,0,0,0,0,0,,,,
1416271516.81264,information_schema,sql_sizing_profiles,0,0,,,0,0,0,0,0,0,0,0,,,0,0,0,0
1416271516.81264,pg_toast,pg_toast_2396,0,0,0,0,0,0,0,0,0,0,0,0,0,0,,,,
1416271516.81264,pg_catalog,pg_enum,0,0,0,0,0,0,0,0,0,0,0,0,0,0,,,,
1416271516.81264,pg_catalog,pg_db_role_setting,0,0,133998,0,0,0,0,0,0,0,0,0,7991,126007,0,0,0,0
1416271516.81264,public,orders,4,60000000,0,0,15000000,0,0,0,15000000,0,504554,1558780,0,0,,,,
1416271516.81264,pg_catalog,pg_seclabel,0,0,4003,0,0,0,0,0,0,0,0,0,458,3545,0,0,0,0
1416271516.81264,public,nation,2,50,0,0,25,0,0,0,25,0,1,3,0,0,,,,
1416271516.81264,public,partsupp,3,24000000,0,0,8000000,0,0,0,8000000,0,340611,954509,0,0,,,,
1416271516.81264,pg_toast,pg_toast_2609,0,0,0,0,0,0,0,0,0,0,0,0,0,0,,,,
1416271516.81264,pg_toast,pg_toast_1255,0,0,0,0,0,0,0,0,0,0,0,0,0,0,,,,
1416271516.81264,pg_catalog,pg_rewrite,0,0,24649,23350,433,0,433,0,106,33,11341,15484,4875,37311,9651,12467,3740,15314
1416271516.81264,pg_catalog,pg_ts_config,0,0,0,0,0,0,0,0,0,0,0,0,0,0,,,,
1416271516.81264,pg_catalog,pg_extension,0,0,0,0,0,0,0,0,0,0,0,0,0,0,,,,
1416271516.81264,pg_catalog,pg_amop,0,0,312902,436455,0,0,0,0,0,0,20726,415729,35133,641463,,,,
1416271516.81264,pg_catalog,pg_cast,0,0,1003035,275433,0,0,0,0,0,0,8968,266465,11461,1028969,,,,
1416271516.81264,pg_toast,pg_toast_2619,0,0,21513,68188,1319,0,1110,0,229,10,6757,28185,1952,33087,,,,
1416271516.81264,pg_toast,pg_toast_2604,0,0,0,0,0,0,0,0,0,0,0,0,0,0,,,,
1416271576.81434,pg_catalog,pg_auth_members,0,0,0,0,0,0,0,0,0,0,0,0,0,0,,,,
1416271576.81434,pg_catalog,pg_operator,0,0,239542,1026570,0,0,0,0,0,0,60718,678302,45985,491253,,,,
1416271576.81434,pg_catalog,pg_aggregate,0,0,16069,16069,0,0,0,0,0,0,4612,11457,9247,19443,,,,
1416271576.81434,pg_catalog,pg_pltemplate,0,0,0,0,0,0,0,0,0,0,0,0,0,0,,,,
1416271576.81434,pg_toast,pg_toast_12188,0,0,0,0,0,0,0,0,0,0,0,0,0,0,,,,
1416271576.81434,pg_catalog,pg_description,0,0,4003,0,0,0,0,0,0,0,0,0,1484,7388,0,0,0,0
1416271576.81434,pg_catalog,pg_language,0,0,0,0,0,0,0,0,0,0,0,0,0,0,,,,
1416271576.81434,pg_catalog,pg_ts_parser,0,0,0,0,0,0,0,0,0,0,0,0,0,0,,,,
1416271576.81434,pg_catalog,pg_shseclabel,0,0,0,0,0,0,0,0,0,0,0,0,0,0,,,,
1416271576.81434,pg_catalog,pg_foreign_table,0,0,0,0,0,0,0,0,0,0,0,0,0,0,,,,
1416271576.81434,public,customer,6,9000000,0,0,1500000,0,0,0,1500000,0,68533,294857,0,0,,,,
1416271576.81434,information_schema,sql_packages,0,0,,,0,0,0,0,0,0,0,0,,,0,0,0,0
1416271576.81434,information_schema,sql_parts,0,0,,,0,0,0,0,0,0,0,0,,,0,0,0,0
1416271576.81434,pg_catalog,pg_attrdef,0,0,0,0,0,0,0,0,0,0,0,0,0,0,0,0,0,0
1416271576.81434,pg_catalog,pg_ts_template,0,0,0,0,0,0,0,0,0,0,0,0,0,0,,,,
1416271576.81434,pg_catalog,pg_foreign_server,0,0,0,0,0,0,0,0,0,0,0,0,0,0,,,,
1416271576.81434,pg_catalog,pg_default_acl,0,0,3504,0,0,0,0,0,0,0,0,0,413,3091,,,,
1416271576.81434,pg_toast,pg_toast_12198,0,0,0,0,0,0,0,0,0,0,0,0,0,0,,,,
1416271576.81434,pg_toast,pg_toast_12208,0,0,0,0,0,0,0,0,0,0,0,0,0,0,,,,
1416271576.81434,pg_catalog,pg_attribute,3421,22703,986057,1933987,6713,230,6540,194,2420,10,95065,968717,44224,2001217,,,,
1416271576.81434,pg_catalog,pg_statistic,0,0,228279,175271,1532,3674,1485,3241,503,0,39929,146537,20936,471141,6757,28191,1952,33105
1416271576.81434,pg_toast,pg_toast_12203,0,0,0,0,0,0,0,0,0,0,0,0,0,0,,,,
1416271576.81434,pg_toast,pg_toast_2618,0,0,12666,41131,0,0,0,0,0,0,9651,12481,3740,15326,,,,
1416271576.81434,pg_toast,pg_toast_3596,0,0,0,0,0,0,0,0,0,0,0,0,0,0,,,,
1416271576.81434,pg_catalog,pg_depend,0,0,36956,39783,6803,0,6718,0,6289,0,6886,46669,11943,93818,,,,
1416271576.81434,public,region,2,10,0,0,5,0,0,0,5,0,1,3,0,0,,,,
1416271576.81434,information_schema,sql_languages,0,0,,,0,0,0,0,0,0,0,0,,,0,0,0,0
1416271576.81434,pg_catalog,pg_opclass,622,622,195366,2122126,0,0,0,0,0,0,13260,724704,26031,229825,,,,
1416271576.81434,pg_catalog,pg_proc,0,0,420460,618828,0,0,0,0,0,0,72379,410366,69920,861928,0,0,0,0
1416271576.81434,information_schema,sql_implementation_info,0,0,,,0,0,0,0,0,0,0,0,,,0,0,0,0
1416271576.81434,pg_catalog,pg_trigger,0,0,0,0,0,0,0,0,0,0,0,0,0,0,0,0,0,0
1416271576.81434,pg_catalog,pg_am,42400,42400,0,0,0,0,0,0,0,0,7779,34621,0,0,,,,
1416271576.81434,pg_catalog,pg_largeobject_metadata,0,0,0,0,0,0,0,0,0,0,0,0,0,0,,,,
1416271576.81434,pg_catalog,pg_ts_config_map,0,0,0,0,0,0,0,0,0,0,0,0,0,0,,,,
1416271576.81434,pg_catalog,pg_type,0,0,807373,801072,1728,0,1709,0,349,57,23775,784990,29799,1617528,,,,
1416271576.81434,pg_catalog,pg_shdepend,0,0,4909,905,0,0,0,0,0,0,420,485,1854,4799,,,,
1416271576.81434,information_schema,sql_sizing,0,0,,,0,0,0,0,0,0,0,0,,,0,0,0,0
1416271576.81434,public,supplier,4,400000,0,0,100000,0,0,0,100000,0,2312,15648,0,0,,,,
1416271576.81434,public,lineitem,7,419902364,0,0,59986052,0,0,0,59986052,0,8395035,2436449,0,0,,,,
1416271576.81434,pg_catalog,pg_conversion,0,0,0,0,0,0,0,0,0,0,0,0,0,0,,,,
1416271576.81434,pg_catalog,pg_foreign_data_wrapper,0,0,0,0,0,0,0,0,0,0,0,0,0,0,,,,
1416271576.81434,public,part,6,12000000,0,0,2000000,0,0,0,2000000,0,79007,327715,0,0,,,,
1416271576.81434,pg_catalog,pg_opfamily,0,0,0,0,0,0,0,0,0,0,0,0,0,0,,,,
1416271576.81434,pg_catalog,pg_shdescription,0,0,0,0,0,0,0,0,0,0,0,0,0,0,0,0,0,0
1416271576.81434,pg_catalog,pg_tablespace,2,4,30936,30936,0,0,0,0,0,0,6167,24771,12368,49504,,,,
1416271576.81434,pg_catalog,pg_inherits,0,0,866,0,0,0,0,0,0,0,0,0,430,436,,,,
1416271576.81434,pg_toast,pg_toast_2606,0,0,0,0,0,0,0,0,0,0,0,0,0,0,,,,
1416271576.81434,public,time_statistics,0,0,,,1,0,0,0,1,0,1,0,,,,,,
1416271576.81434,pg_toast,pg_toast_2964,0,0,0,0,0,0,0,0,0,0,0,0,0,0,,,,
1416271576.81434,pg_catalog,pg_database,9365,36944,181780,181778,1,0,0,0,1,0,8150,182994,36727,234325,,,,
1416271576.81434,pg_toast,pg_toast_2620,0,0,0,0,0,0,0,0,0,0,0,0,0,0,,,,
1416271576.81434,pg_toast,pg_toast_12213,0,0,0,0,0,0,0,0,0,0,0,0,0,0,,,,
1416271576.81434,pg_catalog,pg_amproc,622,1244,151713,225510,0,0,0,0,0,0,9783,140077,26594,318387,,,,
1416271576.81434,pg_catalog,pg_collation,0,0,0,0,0,0,0,0,0,0,0,0,0,0,,,,
1416271576.81434,pg_catalog,pg_constraint,0,0,360,176,184,0,176,0,10,8,103,1022,186,1834,0,0,0,0
1416271576.81434,pg_catalog,pg_range,0,0,5860,0,0,0,0,0,0,0,0,0,7096,4624,,,,
1416271576.81434,pg_catalog,pg_user_mapping,0,0,0,0,0,0,0,0,0,0,0,0,0,0,,,,
1416271576.81434,pg_catalog,pg_largeobject,0,0,0,0,0,0,0,0,0,0,0,0,0,0,,,,
1416271576.81434,pg_catalog,pg_namespace,6679,182276,504311,465888,28,0,0,0,28,0,6762,465876,17585,531011,,,,
1416271576.81434,pg_catalog,pg_authid,3305,3305,77319,77319,0,0,0,0,0,0,6968,73656,25898,128740,,,,
1416271576.81434,pg_toast,pg_toast_12193,0,0,0,0,0,0,0,0,0,0,0,0,0,0,,,,
1416271576.81434,pg_catalog,pg_index,14776,1731274,338224,481595,845,0,819,0,136,43,29717,477116,28300,380227,,,,
1416271576.81434,pg_catalog,pg_ts_dict,0,0,0,0,0,0,0,0,0,0,0,0,0,0,,,,
1416271576.81434,information_schema,sql_features,0,0,,,0,0,0,0,0,0,0,0,,,0,0,0,0
1416271576.81434,pg_catalog,pg_class,37924,9414938,1480935,1431761,1721,433,1685,417,324,84,72985,1728873,60624,2971664,,,,
1416271576.81434,pg_toast,pg_toast_12183,0,0,0,0,0,0,0,0,0,0,0,0,0,0,,,,
1416271576.81434,information_schema,sql_sizing_profiles,0,0,,,0,0,0,0,0,0,0,0,,,0,0,0,0
1416271576.81434,pg_toast,pg_toast_2396,0,0,0,0,0,0,0,0,0,0,0,0,0,0,,,,
1416271576.81434,pg_catalog,pg_enum,0,0,0,0,0,0,0,0,0,0,0,0,0,0,,,,
1416271576.81434,pg_catalog,pg_db_role_setting,0,0,134034,0,0,0,0,0,0,0,0,0,7991,126043,0,0,0,0
1416271576.81434,public,orders,4,60000000,0,0,15000000,0,0,0,15000000,0,504554,1558780,0,0,,,,
1416271576.81434,pg_catalog,pg_seclabel,0,0,4003,0,0,0,0,0,0,0,0,0,458,3545,0,0,0,0
1416271576.81434,public,nation,2,50,0,0,25,0,0,0,25,0,1,3,0,0,,,,
1416271576.81434,public,partsupp,3,24000000,0,0,8000000,0,0,0,8000000,0,340611,954509,0,0,,,,
1416271576.81434,pg_toast,pg_toast_2609,0,0,0,0,0,0,0,0,0,0,0,0,0,0,,,,
1416271576.81434,pg_toast,pg_toast_1255,0,0,0,0,0,0,0,0,0,0,0,0,0,0,,,,
1416271576.81434,pg_catalog,pg_rewrite,0,0,24663,23364,433,0,433,0,106,33,11341,15498,4875,37335,9651,12481,3740,15326
1416271576.81434,pg_catalog,pg_ts_config,0,0,0,0,0,0,0,0,0,0,0,0,0,0,,,,
1416271576.81434,pg_catalog,pg_extension,0,0,0,0,0,0,0,0,0,0,0,0,0,0,,,,
1416271576.81434,pg_catalog,pg_amop,0,0,312968,436537,0,0,0,0,0,0,20726,415811,35133,641611,,,,
1416271576.81434,pg_catalog,pg_cast,0,0,1003217,275510,0,0,0,0,0,0,8968,266542,11461,1029164,,,,
1416271576.81434,pg_toast,pg_toast_2619,0,0,21519,68200,1319,0,1110,0,229,10,6757,28191,1952,33105,,,,
1416271576.81434,pg_toast,pg_toast_2604,0,0,0,0,0,0,0,0,0,0,0,0,0,0,,,,
1416271636.81613,pg_catalog,pg_auth_members,0,0,0,0,0,0,0,0,0,0,0,0,0,0,,,,
1416271636.81613,pg_catalog,pg_operator,0,0,239576,1026604,0,0,0,0,0,0,60718,678336,45985,491337,,,,
1416271636.81613,pg_catalog,pg_aggregate,0,0,16071,16071,0,0,0,0,0,0,4612,11459,9247,19447,,,,
1416271636.81613,pg_catalog,pg_pltemplate,0,0,0,0,0,0,0,0,0,0,0,0,0,0,,,,
1416271636.81613,pg_toast,pg_toast_12188,0,0,0,0,0,0,0,0,0,0,0,0,0,0,,,,
1416271636.81613,pg_catalog,pg_description,0,0,4003,0,0,0,0,0,0,0,0,0,1484,7388,0,0,0,0
1416271636.81613,pg_catalog,pg_language,0,0,0,0,0,0,0,0,0,0,0,0,0,0,,,,
1416271636.81613,pg_catalog,pg_ts_parser,0,0,0,0,0,0,0,0,0,0,0,0,0,0,,,,
1416271636.81613,pg_catalog,pg_shseclabel,0,0,0,0,0,0,0,0,0,0,0,0,0,0,,,,
1416271636.81613,pg_catalog,pg_foreign_table,0,0,0,0,0,0,0,0,0,0,0,0,0,0,,,,
1416271636.81613,public,customer,6,9000000,0,0,1500000,0,0,0,1500000,0,68533,294857,0,0,,,,
1416271636.81613,information_schema,sql_packages,0,0,,,0,0,0,0,0,0,0,0,,,0,0,0,0
1416271636.81613,information_schema,sql_parts,0,0,,,0,0,0,0,0,0,0,0,,,0,0,0,0
1416271636.81613,pg_catalog,pg_attrdef,0,0,0,0,0,0,0,0,0,0,0,0,0,0,0,0,0,0
1416271636.81613,pg_catalog,pg_ts_template,0,0,0,0,0,0,0,0,0,0,0,0,0,0,,,,
1416271636.81613,pg_catalog,pg_foreign_server,0,0,0,0,0,0,0,0,0,0,0,0,0,0,,,,
1416271636.81613,pg_catalog,pg_default_acl,0,0,3504,0,0,0,0,0,0,0,0,0,413,3091,,,,
1416271636.81613,pg_toast,pg_toast_12198,0,0,0,0,0,0,0,0,0,0,0,0,0,0,,,,
1416271636.81613,pg_toast,pg_toast_12208,0,0,0,0,0,0,0,0,0,0,0,0,0,0,,,,
1416271636.81613,pg_catalog,pg_attribute,3421,22703,986437,1934610,6713,230,6540,194,2420,10,95065,969099,44224,2001988,,,,
1416271636.81613,pg_catalog,pg_statistic,0,0,228329,175309,1532,3674,1485,3241,503,0,39929,146575,20936,471251,6757,28197,1952,33123
1416271636.81613,pg_toast,pg_toast_12203,0,0,0,0,0,0,0,0,0,0,0,0,0,0,,,,
1416271636.81613,pg_toast,pg_toast_2618,0,0,12674,41157,0,0,0,0,0,0,9651,12495,3740,15338,,,,
1416271636.81613,pg_toast,pg_toast_3596,0,0,0,0,0,0,0,0,0,0,0,0,0,0,,,,
1416271636.81613,pg_catalog,pg_depend,0,0,36956,39783,6803,0,6718,0,6289,0,6886,46669,11943,93818,,,,
1416271636.81613,public,region,2,10,0,0,5,0,0,0,5,0,1,3,0,0,,,,
1416271636.81613,information_schema,sql_languages,0,0,,,0,0,0,0,0,0,0,0,,,0,0,0,0
1416271636.81613,pg_catalog,pg_opclass,622,622,195399,2122471,0,0,0,0,0,0,13260,724815,26031,229875,,,,
1416271636.81613,pg_catalog,pg_proc,0,0,420612,619050,0,0,0,0,0,0,72379,410548,69920,862262,0,0,0,0
1416271636.81613,information_schema,sql_implementation_info,0,0,,,0,0,0,0,0,0,0,0,,,0,0,0,0
1416271636.81613,pg_catalog,pg_trigger,0,0,0,0,0,0,0,0,0,0,0,0,0,0,0,0,0,0
1416271636.81613,pg_catalog,pg_am,42411,42411,0,0,0,0,0,0,0,0,7779,34632,0,0,,,,
1416271636.81613,pg_catalog,pg_largeobject_metadata,0,0,0,0,0,0,0,0,0,0,0,0,0,0,,,,
1416271636.81613,pg_catalog,pg_ts_config_map,0,0,0,0,0,0,0,0,0,0,0,0,0,0,,,,
1416271636.81613,pg_catalog,pg_type,0,0,807553,801252,1728,0,1709,0,349,57,23775,785170,29799,1617898,,,,
1416271636.81613,pg_catalog,pg_shdepend,0,0,4909,905,0,0,0,0,0,0,420,485,1854,4799,,,,
1416271636.81613,information_schema,sql_sizing,0,0,,,0,0,0,0,0,0,0,0,,,0,0,0,0
1416271636.81613,public,supplier,4,400000,0,0,100000,0,0,0,100000,0,2312,15648,0,0,,,,
1416271636.81613,public,lineitem,7,419902364,0,0,59986052,0,0,0,59986052,0,8395035,2436449,0,0,,,,
1416271636.81613,pg_catalog,pg_conversion,0,0,0,0,0,0,0,0,0,0,0,0,0,0,,,,
1416271636.81613,pg_catalog,pg_foreign_data_wrapper,0,0,0,0,0,0,0,0,0,0,0,0,0,0,,,,
1416271636.81613,public,part,6,12000000,0,0,2000000,0,0,0,2000000,0,79007,327715,0,0,,,,
1416271636.81613,pg_catalog,pg_opfamily,0,0,0,0,0,0,0,0,0,0,0,0,0,0,,,,
1416271636.81613,pg_catalog,pg_shdescription,0,0,0,0,0,0,0,0,0,0,0,0,0,0,0,0,0,0
1416271636.81613,pg_catalog,pg_tablespace,2,4,30946,30946,0,0,0,0,0,0,6167,24781,12368,49524,,,,
1416271636.81613,pg_catalog,pg_inherits,0,0,866,0,0,0,0,0,0,0,0,0,430,436,,,,
1416271636.81613,pg_toast,pg_toast_2606,0,0,0,0,0,0,0,0,0,0,0,0,0,0,,,,
1416271636.81613,public,time_statistics,0,0,,,1,0,0,0,1,0,1,0,,,,,,
1416271636.81613,pg_toast,pg_toast_2964,0,0,0,0,0,0,0,0,0,0,0,0,0,0,,,,
1416271636.81613,pg_catalog,pg_database,9369,36960,181832,181830,1,0,0,0,1,0,8150,183050,36727,234401,,,,
1416271636.81613,pg_toast,pg_toast_2620,0,0,0,0,0,0,0,0,0,0,0,0,0,0,,,,
1416271636.81613,pg_toast,pg_toast_12213,0,0,0,0,0,0,0,0,0,0,0,0,0,0,,,,
1416271636.81613,pg_catalog,pg_amproc,622,1244,151744,225558,0,0,0,0,0,0,9783,140108,26594,318460,,,,
1416271636.81613,pg_catalog,pg_collation,0,0,0,0,0,0,0,0,0,0,0,0,0,0,,,,
1416271636.81613,pg_catalog,pg_constraint,0,0,360,176,184,0,176,0,10,8,103,1022,186,1834,0,0,0,0
1416271636.81613,pg_catalog,pg_range,0,0,5860,0,0,0,0,0,0,0,0,0,7096,4624,,,,
1416271636.81613,pg_catalog,pg_user_mapping,0,0,0,0,0,0,0,0,0,0,0,0,0,0,,,,
1416271636.81613,pg_catalog,pg_largeobject,0,0,0,0,0,0,0,0,0,0,0,0,0,0,,,,
1416271636.81613,pg_catalog,pg_namespace,6683,182412,504614,466181,28,0,0,0,28,0,6762,466173,17585,531327,,,,
1416271636.81613,pg_catalog,pg_authid,3307,3307,77339,77339,0,0,0,0,0,0,6968,73678,25898,128780,,,,
1416271636.81613,pg_toast,pg_toast_12193,0,0,0,0,0,0,0,0,0,0,0,0,0,0,,,,
1416271636.81613,pg_catalog,pg_index,14784,1732362,338291,481682,845,0,819,0,136,43,29717,477223,28300,380315,,,,
1416271636.81613,pg_catalog,pg_ts_dict,0,0,0,0,0,0,0,0,0,0,0,0,0,0,,,,
1416271636.81613,information_schema,sql_features,0,0,,,0,0,0,0,0,0,0,0,,,0,0,0,0
1416271636.81613,pg_catalog,pg_class,37942,9420205,1481596,1432422,1721,433,1685,417,324,84,72985,1729716,60624,2973009,,,,
1416271636.81613,pg_toast,pg_toast_12183,0,0,0,0,0,0,0,0,0,0,0,0,0,0,,,,
1416271636.81613,information_schema,sql_sizing_profiles,0,0,,,0,0,0,0,0,0,0,0,,,0,0,0,0
1416271636.81613,pg_toast,pg_toast_2396,0,0,0,0,0,0,0,0,0,0,0,0,0,0,,,,
1416271636.81613,pg_catalog,pg_enum,0,0,0,0,0,0,0,0,0,0,0,0,0,0,,,,
1416271636.81613,pg_catalog,pg_db_role_setting,0,0,134070,0,0,0,0,0,0,0,0,0,7991,126079,0,0,0,0
1416271636.81613,public,orders,4,60000000,0,0,15000000,0,0,0,15000000,0,504554,1558780,0,0,,,,
1416271636.81613,pg_catalog,pg_seclabel,0,0,4003,0,0,0,0,0,0,0,0,0,458,3545,0,0,0,0
1416271636.81613,public,nation,2,50,0,0,25,0,0,0,25,0,1,3,0,0,,,,
1416271636.81613,public,partsupp,3,24000000,0,0,8000000,0,0,0,8000000,0,340611,954509,0,0,,,,
1416271636.81613,pg_toast,pg_toast_2609,0,0,0,0,0,0,0,0,0,0,0,0,0,0,,,,
1416271636.81613,pg_toast,pg_toast_1255,0,0,0,0,0,0,0,0,0,0,0,0,0,0,,,,
1416271636.81613,pg_catalog,pg_rewrite,0,0,24677,23378,433,0,433,0,106,33,11341,15512,4875,37359,9651,12495,3740,15338
1416271636.81613,pg_catalog,pg_ts_config,0,0,0,0,0,0,0,0,0,0,0,0,0,0,,,,
1416271636.81613,pg_catalog,pg_extension,0,0,0,0,0,0,0,0,0,0,0,0,0,0,,,,
1416271636.81613,pg_catalog,pg_amop,0,0,313034,436619,0,0,0,0,0,0,20726,415893,35133,641759,,,,
1416271636.81613,pg_catalog,pg_cast,0,0,1003353,275566,0,0,0,0,0,0,8968,266598,11461,1029310,,,,
1416271636.81613,pg_toast,pg_toast_2619,0,0,21525,68212,1319,0,1110,0,229,10,6757,28197,1952,33123,,,,
1416271636.81613,pg_toast,pg_toast_2604,0,0,0,0,0,0,0,0,0,0,0,0,0,0,,,,
1416271696.8186,pg_catalog,pg_auth_members,0,0,0,0,0,0,0,0,0,0,0,0,0,0,,,,
1416271696.8186,pg_catalog,pg_operator,0,0,239611,1026639,0,0,0,0,0,0,60718,678371,45985,491424,,,,
1416271696.8186,pg_catalog,pg_aggregate,0,0,16073,16073,0,0,0,0,0,0,4612,11461,9247,19451,,,,
1416271696.8186,pg_catalog,pg_pltemplate,0,0,0,0,0,0,0,0,0,0,0,0,0,0,,,,
1416271696.8186,pg_toast,pg_toast_12188,0,0,0,0,0,0,0,0,0,0,0,0,0,0,,,,
1416271696.8186,pg_catalog,pg_description,0,0,4003,0,0,0,0,0,0,0,0,0,1484,7388,0,0,0,0
1416271696.8186,pg_catalog,pg_language,0,0,0,0,0,0,0,0,0,0,0,0,0,0,,,,
1416271696.8186,pg_catalog,pg_ts_parser,0,0,0,0,0,0,0,0,0,0,0,0,0,0,,,,
1416271696.8186,pg_catalog,pg_shseclabel,0,0,0,0,0,0,0,0,0,0,0,0,0,0,,,,
1416271696.8186,pg_catalog,pg_foreign_table,0,0,0,0,0,0,0,0,0,0,0,0,0,0,,,,
1416271696.8186,public,customer,6,9000000,0,0,1500000,0,0,0,1500000,0,68533,294857,0,0,,,,
1416271696.8186,information_schema,sql_packages,0,0,,,0,0,0,0,0,0,0,0,,,0,0,0,0
1416271696.8186,information_schema,sql_parts,0,0,,,0,0,0,0,0,0,0,0,,,0,0,0,0
1416271696.8186,pg_catalog,pg_attrdef,0,0,0,0,0,0,0,0,0,0,0,0,0,0,0,0,0,0
1416271696.8186,pg_catalog,pg_ts_template,0,0,0,0,0,0,0,0,0,0,0,0,0,0,,,,
1416271696.8186,pg_catalog,pg_foreign_server,0,0,0,0,0,0,0,0,0,0,0,0,0,0,,,,
1416271696.8186,pg_catalog,pg_default_acl,0,0,3504,0,0,0,0,0,0,0,0,0,413,3091,,,,
1416271696.8186,pg_toast,pg_toast_12198,0,0,0,0,0,0,0,0,0,0,0,0,0,0,,,,
1416271696.8186,pg_toast,pg_toast_12208,0,0,0,0,0,0,0,0,0,0,0,0,0,0,,,,
1416271696.8186,pg_catalog,pg_attribute,3421,22703,986848,1935396,6716,230,6540,194,2423,10,95065,969518,44224,2002834,,,,
1416271696.8186,pg_catalog,pg_statistic,0,0,228383,175349,1532,3674,1485,3241,503,0,39929,146615,20936,471370,6757,28203,1952,33141
1416271696.8186,pg_toast,pg_toast_12203,0,0,0,0,0,0,0,0,0,0,0,0,0,0,,,,
1416271696.8186,pg_toast,pg_toast_2618,0,0,12682,41183,0,0,0,0,0,0,9651,12509,3740,15350,,,,
1416271696.8186,pg_toast,pg_toast_3596,0,0,0,0,0,0,0,0,0,0,0,0,0,0,,,,
1416271696.8186,pg_catalog,pg_depend,0,0,36962,39789,6806,0,6718,0,6292,0,6886,46681,11943,93844,,,,
1416271696.8186,public,region,2,10,0,0,5,0,0,0,5,0,1,3,0,0,,,,
1416271696.8186,information_schema,sql_languages,0,0,,,0,0,0,0,0,0,0,0,,,0,0,0,0
1416271696.8186,pg_catalog,pg_opclass,622,622,195441,2122945,0,0,0,0,0,0,13260,724959,26031,229935,,,,
1416271696.8186,pg_catalog,pg_proc,0,0,420770,619285,0,0,0,0,0,0,72379,410739,69920,862611,0,0,0,0
1416271696.8186,information_schema,sql_implementation_info,0,0,,,0,0,0,0,0,0,0,0,,,0,0,0,0
1416271696.8186,pg_catalog,pg_trigger,0,0,0,0,0,0,0,0,0,0,0,0,0,0,0,0,0,0
1416271696.8186,pg_catalog,pg_am,42423,42423,0,0,0,0,0,0,0,0,7779,34644,0,0,,,,
1416271696.8186,pg_catalog,pg_largeobject_metadata,0,0,0,0,0,0,0,0,0,0,0,0,0,0,,,,
1416271696.8186,pg_catalog,pg_ts_config_map,0,0,0,0,0,0,0,0,0,0,0,0,0,0,,,,
1416271696.8186,pg_catalog,pg_type,0,0,807751,801450,1728,0,1709,0,349,57,23775,785368,29799,1618306,,,,
1416271696.8186,pg_catalog,pg_shdepend,0,0,4909,905,0,0,0,0,0,0,420,485,1854,4799,,,,
1416271696.8186,information_schema,sql_sizing,0,0,,,0,0,0,0,0,0,0,0,,,0,0,0,0
1416271696.8186,public,supplier,4,400000,0,0,100000,0,0,0,100000,0,2312,15648,0,0,,,,
1416271696.8186,public,lineitem,8,479888416,0,0,59986052,0,0,0,59986052,0,9437405,2459496,0,0,,,,
1416271696.8186,pg_catalog,pg_conversion,0,0,0,0,0,0,0,0,0,0,0,0,0,0,,,,
1416271696.8186,pg_catalog,pg_foreign_data_wrapper,0,0,0,0,0,0,0,0,0,0,0,0,0,0,,,,
1416271696.8186,public,part,6,12000000,0,0,2000000,0,0,0,2000000,0,79007,327715,0,0,,,,
1416271696.8186,pg_catalog,pg_opfamily,0,0,0,0,0,0,0,0,0,0,0,0,0,0,,,,
1416271696.8186,pg_catalog,pg_shdescription,0,0,0,0,0,0,0,0,0,0,0,0,0,0,0,0,0,0
1416271696.8186,pg_catalog,pg_tablespace,2,4,30957,30957,0,0,0,0,0,0,6167,24792,12368,49546,,,,
1416271696.8186,pg_catalog,pg_inherits,0,0,866,0,0,0,0,0,0,0,0,0,430,436,,,,
1416271696.8186,pg_toast,pg_toast_2606,0,0,0,0,0,0,0,0,0,0,0,0,0,0,,,,
1416271696.8186,public,time_statistics,0,0,,,1,0,0,0,1,0,1,0,,,,,,
1416271696.8186,pg_toast,pg_toast_2964,0,0,0,0,0,0,0,0,0,0,0,0,0,0,,,,
1416271696.8186,pg_catalog,pg_database,9373,36976,181890,181888,1,0,0,0,1,0,8150,183112,36727,234483,,,,
1416271696.8186,pg_toast,pg_toast_2620,0,0,0,0,0,0,0,0,0,0,0,0,0,0,,,,
1416271696.8186,pg_toast,pg_toast_12213,0,0,0,0,0,0,0,0,0,0,0,0,0,0,,,,
1416271696.8186,pg_catalog,pg_amproc,622,1244,151779,225612,0,0,0,0,0,0,9783,140143,26594,318541,,,,
1416271696.8186,pg_catalog,pg_collation,0,0,0,0,0,0,0,0,0,0,0,0,0,0,,,,
1416271696.8186,pg_catalog,pg_constraint,0,0,360,176,184,0,176,0,10,8,103,1022,186,1834,0,0,0,0
1416271696.8186,pg_catalog,pg_range,0,0,5860,0,0,0,0,0,0,0,0,0,7096,4624,,,,
1416271696.8186,pg_catalog,pg_user_mapping,0,0,0,0,0,0,0,0,0,0,0,0,0,0,,,,
1416271696.8186,pg_catalog,pg_largeobject,0,0,0,0,0,0,0,0,0,0,0,0,0,0,,,,
1416271696.8186,pg_catalog,pg_namespace,6687,182548,504922,466477,28,0,0,0,28,0,6762,466473,17585,531650,,,,
1416271696.8186,pg_catalog,pg_authid,3310,3310,77359,77359,0,0,0,0,0,0,6968,73701,25898,128820,,,,
1416271696.8186,pg_toast,pg_toast_12193,0,0,0,0,0,0,0,0,0,0,0,0,0,0,,,,
1416271696.8186,pg_catalog,pg_index,14792,1733450,338369,481786,846,0,819,0,137,43,29717,477345,28300,380418,,,,
1416271696.8186,pg_catalog,pg_ts_dict,0,0,0,0,0,0,0,0,0,0,0,0,0,0,,,,
1416271696.8186,information_schema,sql_features,0,0,,,0,0,0,0,0,0,0,0,,,0,0,0,0
1416271696.8186,pg_catalog,pg_class,37960,9425474,1482284,1433107,1722,433,1685,417,325,84,72985,1730589,60624,2974414,,,,
1416271696.8186,pg_toast,pg_toast_12183,0,0,0,0,0,0,0,0,0,0,0,0,0,0,,,,
1416271696.8186,information_schema,sql_sizing_profiles,0,0,,,0,0,0,0,0,0,0,0,,,0,0,0,0
1416271696.8186,pg_toast,pg_toast_2396,0,0,0,0,0,0,0,0,0,0,0,0,0,0,,,,
1416271696.8186,pg_catalog,pg_enum,0,0,0,0,0,0,0,0,0,0,0,0,0,0,,,,
1416271696.8186,pg_catalog,pg_db_role_setting,0,0,134106,0,0,0,0,0,0,0,0,0,7991,126115,0,0,0,0
1416271696.8186,public,orders,4,60000000,0,0,15000000,0,0,0,15000000,0,504554,1558780,0,0,,,,
1416271696.8186,pg_catalog,pg_seclabel,0,0,4003,0,0,0,0,0,0,0,0,0,458,3545,0,0,0,0
1416271696.8186,public,nation,2,50,0,0,25,0,0,0,25,0,1,3,0,0,,,,
1416271696.8186,public,partsupp,3,24000000,0,0,8000000,0,0,0,8000000,0,340611,954509,0,0,,,,
1416271696.8186,pg_toast,pg_toast_2609,0,0,0,0,0,0,0,0,0,0,0,0,0,0,,,,
1416271696.8186,pg_toast,pg_toast_1255,0,0,0,0,0,0,0,0,0,0,0,0,0,0,,,,
1416271696.8186,pg_catalog,pg_rewrite,0,0,24692,23393,433,0,433,0,106,33,11341,15527,4875,37385,9651,12509,3740,15350
1416271696.8186,pg_catalog,pg_ts_config,0,0,0,0,0,0,0,0,0,0,0,0,0,0,,,,
1416271696.8186,pg_catalog,pg_extension,0,0,0,0,0,0,0,0,0,0,0,0,0,0,,,,
1416271696.8186,pg_catalog,pg_amop,0,0,313106,436709,0,0,0,0,0,0,20726,415983,35133,641921,,,,
1416271696.8186,pg_catalog,pg_cast,0,0,1003522,275634,0,0,0,0,0,0,8968,266666,11461,1029491,,,,
1416271696.8186,pg_toast,pg_toast_2619,0,0,21531,68224,1319,0,1110,0,229,10,6757,28203,1952,33141,,,,
1416271696.8186,pg_toast,pg_toast_2604,0,0,0,0,0,0,0,0,0,0,0,0,0,0,,,,
